time|person|location|thing
1838年1月6日|马克斯·布鲁赫|普鲁士|1838年1月6日，马克斯·布鲁赫在普鲁士莱茵省科隆出生。
1838年1月6日|马克斯·布鲁赫|莱茵省|1838年1月6日，马克斯·布鲁赫在普鲁士莱茵省科隆出生。
1838年1月6日|马克斯·布鲁赫|科隆|1838年1月6日，马克斯·布鲁赫在普鲁士莱茵省科隆出生。
1920年10月2日|马克斯·布鲁赫|德国|1920年10月2日，马克斯·布鲁赫在德国柏林弗里德瑙逝世。
1920年10月2日|马克斯·布鲁赫|柏林|1920年10月2日，马克斯·布鲁赫在德国柏林弗里德瑙逝世。
1920年10月2日|马克斯·布鲁赫|弗里德瑙|1920年10月2日，马克斯·布鲁赫在德国柏林弗里德瑙逝世。
1799年5月27日|雅克·弗洛蒙塔尔·阿莱维|巴黎|1799年5月27日，雅克·弗洛蒙塔尔·阿莱维在巴黎出生。
1809年|雅克·弗洛蒙塔尔·阿莱维|巴黎|1809年，雅克·弗洛蒙塔尔·阿莱维进入巴黎国立高等音乐舞蹈学院从路易吉·凯鲁比尼学习。
1809年|路易吉·凯鲁比尼|巴黎|1809年，雅克·弗洛蒙塔尔·阿莱维进入巴黎国立高等音乐舞蹈学院从路易吉·凯鲁比尼学习。
1819年|雅克·弗洛蒙塔尔·阿莱维|罗马|1819年，雅克·弗洛蒙塔尔·阿莱维获得罗马大奖。
1836年|雅克·弗洛蒙塔尔·阿莱维|巴黎|1836年，雅克·弗洛蒙塔尔·阿莱维进入法兰西学会，后在巴黎音乐学院任教。
1862年3月17日|雅克·弗洛蒙塔尔·阿莱维|尼斯|1862年3月17日，雅克·弗洛蒙塔尔·阿莱维在尼斯逝世。
1803年7月24日|阿道夫·亚当|巴黎|1803年7月24日，阿道夫·亚当在巴黎出生。
1856年5月3日|阿道夫·亚当|巴黎|1856年5月3日，阿道夫·亚当在巴黎逝世。
1893年|阿瑟·本杰明|悉尼|1893年，阿瑟·本杰明生于悉尼，后到英国师事查尔斯·维利尔斯·斯坦福。
1893年|阿瑟·本杰明|英国|1893年，阿瑟·本杰明生于悉尼，后到英国师事查尔斯·维利尔斯·斯坦福。
1893年|查尔斯·维利尔斯·斯坦福|悉尼|1893年，阿瑟·本杰明生于悉尼，后到英国师事查尔斯·维利尔斯·斯坦福。
1893年|查尔斯·维利尔斯·斯坦福|英国|1893年，阿瑟·本杰明生于悉尼，后到英国师事查尔斯·维利尔斯·斯坦福。
1893年9月18日|阿瑟·本杰明|悉尼|1893年9月18日，阿瑟·本杰明在悉尼出生。
1919年|本杰明·布里顿|澳大利亚|1919年回澳大利亚教书，后又到英国从教，学生中包括本杰明·布里顿。
1919年|本杰明·布里顿|英国|1919年回澳大利亚教书，后又到英国从教，学生中包括本杰明·布里顿。
1960年|阿瑟·本杰明|伦敦|1960年，阿瑟·本杰明逝世于伦敦。
1960年4月10日|阿瑟·本杰明|伦敦|1960年4月10日，阿瑟·本杰明在伦敦逝世。
1891年9月2日|阿瑟·布利斯|伦敦|1891年9月2日，阿瑟·布利斯在伦敦出生。
1975年3月27日|阿瑟·布利斯|伦敦|1975年3月27日，阿瑟·布利斯在伦敦逝世。
1872年|阿希尔·克洛德·德彪西|巴黎|1872年，阿希尔·克洛德·德彪西进入巴黎国立高等音乐舞蹈学院，他的作曲课、音乐理论及历史课、和声课、钢琴课、风琴课、声乐课老师们，几乎都是当时的知名音乐家。
1880年-1882年|阿希尔·克洛德·德彪西|俄罗斯|1880年-1882年，阿希尔·克洛德·德彪西在俄罗斯，给冯·梅克夫人的孩子当音乐教师，巧的是这位夫人正是彼得·伊里奇·柴可夫斯基的赞助人。
1880年-1882年|彼得·伊里奇·柴可夫斯基|俄罗斯|1880年-1882年，阿希尔·克洛德·德彪西在俄罗斯，给冯·梅克夫人的孩子当音乐教师，巧的是这位夫人正是彼得·伊里奇·柴可夫斯基的赞助人。
1883年|阿希尔·克洛德·德彪西|巴黎|1883年阿希尔·克洛德·德彪西回到巴黎音乐学院，以《L'Enfant prodigue》获得罗马大奖，他获得了一份奖学金和前往设在意大利罗马的法兰西学院4年留学的资格。
1883年|阿希尔·克洛德·德彪西|意大利|1883年阿希尔·克洛德·德彪西回到巴黎音乐学院，以《L'Enfant prodigue》获得罗马大奖，他获得了一份奖学金和前往设在意大利罗马的法兰西学院4年留学的资格。
1883年|阿希尔·克洛德·德彪西|罗马|1883年阿希尔·克洛德·德彪西回到巴黎音乐学院，以《L'Enfant prodigue》获得罗马大奖，他获得了一份奖学金和前往设在意大利罗马的法兰西学院4年留学的资格。
1885年-1887年|阿希尔·克洛德·德彪西|罗马|1885年-1887年，阿希尔·克洛德·德彪西是在意大利罗马度过的。
1885年-1887年|阿希尔·克洛德·德彪西|意大利|1885年-1887年，阿希尔·克洛德·德彪西是在意大利罗马度过的。
1888年|理查德·瓦格纳|拜罗伊特|1888年阿希尔·克洛德·德彪西没有完成罗马的学业，就离开那里，到德国拜罗伊特参加音乐节，在那里他被理查德·瓦格纳式的歌剧震憾了。
1888年|阿希尔·克洛德·德彪西|罗马|1888年阿希尔·克洛德·德彪西没有完成罗马的学业，就离开那里，到德国拜罗伊特参加音乐节，在那里他被理查德·瓦格纳式的歌剧震憾了。
1888年|阿希尔·克洛德·德彪西|德国|1888年阿希尔·克洛德·德彪西没有完成罗马的学业，就离开那里，到德国拜罗伊特参加音乐节，在那里他被理查德·瓦格纳式的歌剧震憾了。
1888年|阿希尔·克洛德·德彪西|拜罗伊特|1888年阿希尔·克洛德·德彪西没有完成罗马的学业，就离开那里，到德国拜罗伊特参加音乐节，在那里他被理查德·瓦格纳式的歌剧震憾了。
1888年|理查德·瓦格纳|罗马|1888年阿希尔·克洛德·德彪西没有完成罗马的学业，就离开那里，到德国拜罗伊特参加音乐节，在那里他被理查德·瓦格纳式的歌剧震憾了。
1888年|理查德·瓦格纳|德国|1888年阿希尔·克洛德·德彪西没有完成罗马的学业，就离开那里，到德国拜罗伊特参加音乐节，在那里他被理查德·瓦格纳式的歌剧震憾了。
1889年|阿希尔·克洛德·德彪西|巴黎|阿希尔·克洛德·德彪西在拜罗伊特待到1889年才回到巴黎。
1889年|阿希尔·克洛德·德彪西|拜罗伊特|阿希尔·克洛德·德彪西在拜罗伊特待到1889年才回到巴黎。
1918年3月25日|阿希尔·克洛德·德彪西|法国巴黎|1918年3月25日，阿希尔·克洛德·德彪西在法国巴黎逝世。
1653年2月17日|阿尔坎杰罗·科雷利|富西尼亚诺|1653年2月17日，阿尔坎杰罗·科雷利在富西尼亚诺出生。
1674年|阿尔坎杰罗·科雷利|罗马|1674年，阿尔坎杰罗·科雷利时去了罗马。
1713年1月8日|阿尔坎杰罗·科雷利|罗马|1713年1月8日，阿尔坎杰罗·科雷利在罗马逝世。
1869年4月5日|阿尔伯特·鲁塞尔|图尔宽|1869年4月5日，阿尔伯特·鲁塞尔在图尔宽出生。
1889年|阿尔伯特·鲁塞尔|东南亚|1889年，阿尔伯特·鲁塞尔参加海军，随舰航行到东南亚地区。
1937年8月23日|阿尔伯特·鲁塞尔|鲁瓦扬|1937年8月23日，阿尔伯特·鲁塞尔在鲁瓦扬逝世。
1801年10月23日|阿尔伯特·洛尔青|柏林|1801年10月23日，阿尔伯特·洛尔青在柏林出生。
1833年-1844年|阿尔伯特·洛尔青|莱比锡|1833年-1844年，阿尔伯特·洛尔青担任莱比锡剧院的男高音歌手，同时创作了《乌亭》。
1846年|阿尔伯特·洛尔青|维也纳|1846年，阿尔伯特·洛尔青到维也纳任职。
1848年|阿尔伯特·洛尔青|柏林|但由于1848年革命导致剧院关闭，阿尔伯特·洛尔青失业回柏林。
1851年1月21日|阿尔伯特·洛尔青|柏林|1851年1月21日，阿尔伯特·洛尔青在柏林逝世。
1743年2月19日|路易吉·博凯里尼|卢卡|1743年2月19日，路易吉·博凯里尼在卢卡出生。
1757年|路易吉·博凯里尼|维也纳|1757年，路易吉·博凯里尼到维也纳。
1761年|路易吉·博凯里尼|马德里|1761年，路易吉·博凯里尼到马德里，成为西班牙王子Don Luis的宫廷音乐家。
1805年5月28日|路易吉·博凯里尼|马德里|1805年5月28日，路易吉·博凯里尼在马德里逝世。
1780年|路易吉·凯鲁比尼|博洛尼亚|1780年，路易吉·凯鲁比尼更获得托斯卡尼大公的资助，前往博洛尼亚和米兰进修。
1780年|路易吉·凯鲁比尼|米兰|1780年，路易吉·凯鲁比尼更获得托斯卡尼大公的资助，前往博洛尼亚和米兰进修。
1783年11月|路易吉·凯鲁比尼|威尼斯|而路易吉·凯鲁比尼唯一的喜剧作品，《三妻之夫和无妻之夫》在1783年11月的威尼斯首演。
1785年|路易吉·凯鲁比尼|意大利|深感受意大利的传统局限，并且锐意尝试，路易吉·凯鲁比尼在1785年前往伦敦，为皇家剧院制作了两套正歌剧和喜歌剧。
1785年|路易吉·凯鲁比尼|伦敦|深感受意大利的传统局限，并且锐意尝试，路易吉·凯鲁比尼在1785年前往伦敦，为皇家剧院制作了两套正歌剧和喜歌剧。
1785年|路易吉·凯鲁比尼|吉安|1785年，路易吉·凯鲁比尼偏离原订行程，和朋友吉安巴提斯塔·维奥堤前往巴黎旅游，并被维奥提引见法国的玛丽·安托瓦内特王后和巴黎的上流社会。
1785年|路易吉·凯鲁比尼|巴黎|1785年，路易吉·凯鲁比尼偏离原订行程，和朋友吉安巴提斯塔·维奥堤前往巴黎旅游，并被维奥提引见法国的玛丽·安托瓦内特王后和巴黎的上流社会。
1788年|路易吉·凯鲁比尼|巴黎|1788年，路易吉·凯鲁比尼《得摩丰》在巴黎大歌剧院上演获得好评。
1791年|路易吉·凯鲁比尼|瑞士|1791年，路易吉·凯鲁比尼的《艾莉莎》，以瑞士阿尔卑斯山麓为背景。
1805年—1806年|路易吉·凯鲁比尼|维也纳|而最终路易吉·凯鲁比尼也在1805年—1806年获得任命为拿破仑在维也纳的音乐总监，令他的部分作品得以在维也纳上演。
1813年|路易吉·凯鲁比尼|西班牙|随后1813年首演的《阿本塞拉赫家族的故事》，讲述西班牙摩尔人的格拉纳达王国末日的英雄歌剧，是路易吉·凯鲁比尼意欲与加斯帕罗·斯蓬蒂尼的《贞洁的修女》抗衡之作。
1822年|路易吉·凯鲁比尼|巴黎|1822年，路易吉·凯鲁比尼被任命为巴黎国立高等音乐舞蹈学院院长，并完成路易吉·凯鲁比尼的教科书《对位法和赋格教程》。
1841年|路易吉·凯鲁比尼|法国|1841年，路易吉·凯鲁比尼更成为法国历史上首位获得荣誉军团勋章司令勋位的音乐家。
1842年3月15日|路易吉·凯鲁比尼|巴黎|1842年3月15日，路易吉·凯鲁比尼在巴黎逝世。
1772年11月18日|路易·斐迪南亲王|利希滕贝格|1772年11月18日，路易·斐迪南亲王在利希滕贝格出生。
1793年|路易·斐迪南亲王|美因茨|路易·斐迪南亲王于1793年在美因茨围城战中负伤。
1806年10月10日|路易·斐迪南亲王|美因茨|1806年10月10日，路易·斐迪南亲王率军在美因茨萨尔费尔德战役中迎战让·拉纳元帅的法国军事。
1806年10月10日|路易·斐迪南亲王|法国|1806年10月10日，路易·斐迪南亲王率军在美因茨萨尔费尔德战役中迎战让·拉纳元帅的法国军事。
1770年12月16日|路德维希·范·贝多芬|神圣罗马帝国|1770年12月16日，路德维希·范·贝多芬在神圣罗马帝国科隆选侯国波昂出生。
1770年12月16日|路德维希·范·贝多芬|科隆选侯国|1770年12月16日，路德维希·范·贝多芬在神圣罗马帝国科隆选侯国波昂出生。
1770年12月16日|路德维希·范·贝多芬|波昂|1770年12月16日，路德维希·范·贝多芬在神圣罗马帝国科隆选侯国波昂出生。
1778年|路德维希·范·贝多芬|科隆|路德维希·范·贝多芬在1778年时就能在科隆登台演出。
1787年|路德维希·范·贝多芬|维也纳|1787年，路德维希·范·贝多芬决定带着科隆大主教马克西米利安·弗朗茨的推荐信前往维也纳拜访沃尔夫冈·阿马德乌斯·莫扎特。
1787年|沃尔夫冈·阿马德乌斯·莫扎特|维也纳|1787年，路德维希·范·贝多芬决定带着科隆大主教马克西米利安·弗朗茨的推荐信前往维也纳拜访沃尔夫冈·阿马德乌斯·莫扎特。
1787年|路德维希·范·贝多芬|法国|1787年起，路德维希·范·贝多芬受到教授欧洛吉奥·施内德的影响，使路德维希·范·贝多芬了解当时启蒙时代和法国大革命的思想。
1790年|约瑟夫·海顿|波恩|1790年，奥地利作曲家约瑟夫·海顿在从维也纳到伦敦的旅程中两次在波恩逗留，接触到路德维希·范·贝多芬，并对前一首清唱剧大加赞赏，海顿因此劝科隆大主教将路德维希·范·贝多芬送到维也纳深造。
1790年|路德维希·范·贝多芬|波恩|1790年，奥地利作曲家约瑟夫·海顿在从维也纳到伦敦的旅程中两次在波恩逗留，接触到路德维希·范·贝多芬，并对前一首清唱剧大加赞赏，海顿因此劝科隆大主教将路德维希·范·贝多芬送到维也纳深造。
1790年2月20日|路德维希·范·贝多芬|波恩|1790年2月20日约瑟夫2世逝世，波恩读书与休养协会准备在3月份举行悼念，路德维希·范·贝多芬在施内德的建议之下创作了一部《为约瑟夫2世逝世所作的悼念清唱剧》，这也是路德维希·范·贝多芬第一部与政治沾上边的作品。
1792年|路德维希·范·贝多芬|维也纳|于1792年，路德维希·范·贝多芬再度踏上前往维也纳的行程。
1795年|路德维希·范·贝多芬|维也纳|1795年，路德维希·范·贝多芬在维也纳举行了第一次音乐会，，由他本人演奏钢琴。
1796年|路德维希·范·贝多芬|柏林|1796年，路德维希·范·贝多芬的事业起升，路德维希·范·贝多芬先后在布拉格和布达佩斯演出，途经纽伦堡、莱比锡和柏林等地，并创作了《大提琴奏鸣曲》Op.5和《钢琴奏鸣曲》Op.2。
1796年|路德维希·范·贝多芬|莱比锡|1796年，路德维希·范·贝多芬的事业起升，路德维希·范·贝多芬先后在布拉格和布达佩斯演出，途经纽伦堡、莱比锡和柏林等地，并创作了《大提琴奏鸣曲》Op.5和《钢琴奏鸣曲》Op.2。
1796年|路德维希·范·贝多芬|纽伦堡|1796年，路德维希·范·贝多芬的事业起升，路德维希·范·贝多芬先后在布拉格和布达佩斯演出，途经纽伦堡、莱比锡和柏林等地，并创作了《大提琴奏鸣曲》Op.5和《钢琴奏鸣曲》Op.2。
1796年|路德维希·范·贝多芬|布拉格|1796年，路德维希·范·贝多芬的事业起升，路德维希·范·贝多芬先后在布拉格和布达佩斯演出，途经纽伦堡、莱比锡和柏林等地，并创作了《大提琴奏鸣曲》Op.5和《钢琴奏鸣曲》Op.2。
1796年|路德维希·范·贝多芬|布达佩斯|1796年，路德维希·范·贝多芬的事业起升，路德维希·范·贝多芬先后在布拉格和布达佩斯演出，途经纽伦堡、莱比锡和柏林等地，并创作了《大提琴奏鸣曲》Op.5和《钢琴奏鸣曲》Op.2。
1802年|路德维希·范·贝多芬|维也纳|1802年，路德维希·范·贝多芬到维也纳的修养地圣城，意图靠当地矿泉水浴，以治疗自己日益严重的耳硬化症。
1802年|路德维希·范·贝多芬|维也纳|1802年，路德维希·范·贝多芬受到经营维也纳两个大歌剧院的布劳温男爵的委托，去创作一部歌剧。
1803年|路德维希·范·贝多芬|维也纳|《第2号交响曲》很快在1803年，路德维希·范·贝多芬就在维也纳第一次与听众见面。
1803年|路德维希·范·贝多芬|维也纳|1803年，路德维希·范·贝多芬也得到了维也纳戏剧院作曲家这一职位，并着手进行下一部交响曲的创作。
1805年|路德维希·范·贝多芬|维也纳|1805年，路德维希·范·贝多芬法军开进维也纳，歌剧首演，但是可惜演出非常失败，第三天就被迫停演。
1812年|路德维希·范·贝多芬|维也纳|1812年夏路德维希·范·贝多芬出外修养，在6月底离开维也纳，经在布拉格短暂逗留后7月5日去到特普利采，并会见了约翰·沃尔夫冈·冯·歌德。
1812年|路德维希·范·贝多芬|布拉格|1812年夏路德维希·范·贝多芬出外修养，在6月底离开维也纳，经在布拉格短暂逗留后7月5日去到特普利采，并会见了约翰·沃尔夫冈·冯·歌德。
1812年|路德维希·范·贝多芬|特普利采|1812年夏路德维希·范·贝多芬出外修养，在6月底离开维也纳，经在布拉格短暂逗留后7月5日去到特普利采，并会见了约翰·沃尔夫冈·冯·歌德。
1814年|路德维希·范·贝多芬|维也纳|1814年维也纳会议期间路德维希·范·贝多芬写了一部《荣耀时刻》的大型康塔塔和一部名为《平静的海洋和幸福的旅程》的合唱作品。
1819年|路德维希·范·贝多芬|奥洛穆茨|1819年，路德维希·范·贝多芬的学生兼赞助人鲁道夫大公爵被封为奥洛穆茨总主教。
1827年3月26日|路德维希·范·贝多芬|维也纳|1827年3月26日，路德维希·范·贝多芬在奥地利维也纳逝世。
1827年3月26日|路德维希·范·贝多芬|奥地利|1827年3月26日，路德维希·范·贝多芬在奥地利维也纳逝世。
1809年2月3日|费利克斯·门德尔松·巴托尔迪|汉堡|1809年2月3日，费利克斯·门德尔松·巴托尔迪在汉堡出生。
1820年|费利克斯·门德尔松·巴托尔迪|柏林|1820年，费利克斯·门德尔松·巴托尔迪时进入柏林声乐学院并且开始作曲。
1835年|费利克斯·门德尔松·巴托尔迪|莱比锡|1835年，费利克斯·门德尔松·巴托尔迪于受邀担任莱比锡布商大厦管弦乐团指挥家。
1842年|费利克斯·门德尔松·巴托尔迪|莱比锡|1842年，费利克斯·门德尔松·巴托尔迪协助罗伯特·舒曼成立莱比锡门德尔松音乐戏剧学院，成为首任校长，这所学校后来成为欧洲重要的音乐学校之一。
1842年|费利克斯·门德尔松·巴托尔迪|欧洲|1842年，费利克斯·门德尔松·巴托尔迪协助罗伯特·舒曼成立莱比锡门德尔松音乐戏剧学院，成为首任校长，这所学校后来成为欧洲重要的音乐学校之一。
1842年|罗伯特·舒曼|莱比锡|1842年，费利克斯·门德尔松·巴托尔迪协助罗伯特·舒曼成立莱比锡门德尔松音乐戏剧学院，成为首任校长，这所学校后来成为欧洲重要的音乐学校之一。
1842年|罗伯特·舒曼|欧洲|1842年，费利克斯·门德尔松·巴托尔迪协助罗伯特·舒曼成立莱比锡门德尔松音乐戏剧学院，成为首任校长，这所学校后来成为欧洲重要的音乐学校之一。
1847年11月4日|费利克斯·门德尔松·巴托尔迪|萨克森|1847年11月4日，费利克斯·门德尔松·巴托尔迪在萨克森莱比锡逝世。
1847年11月4日|费利克斯·门德尔松·巴托尔迪|莱比锡|1847年11月4日，费利克斯·门德尔松·巴托尔迪在萨克森莱比锡逝世。
1742年|让·雅克·卢梭|巴黎|1742年，让·雅克·卢梭搬到巴黎。
1745年|让·雅克·卢梭|巴黎|1745年，让·雅克·卢梭在巴黎时，与泰蕾兹·勒瓦瑟相识。
1749年10月|让·雅克·卢梭|第戎|在狄德罗的鼓励下，1749年10月，让·雅克·卢梭以论文《论科学与艺术》参加第戎学院征文，获得名次，这使其在法国名声大振。
1749年10月|让·雅克·卢梭|法国|在狄德罗的鼓励下，1749年10月，让·雅克·卢梭以论文《论科学与艺术》参加第戎学院征文，获得名次，这使其在法国名声大振。
1756年-1762年|让·雅克·卢梭|巴黎|1756年-1762年，让·雅克·卢梭隐居在巴黎近郊，发表《社会契约论》、《爱弥儿》等书。
1765年9月6日|让·雅克·卢梭|英国|让·雅克·卢梭在Môtiers的住处在1765年9月6日被丢掷石头，因此让·雅克·卢梭和大卫·休谟到英国避难，休谟在斯塔福德郡的Wootton，朋友的乡间别墅居住。
1765年9月6日|让·雅克·卢梭|斯塔福德郡|让·雅克·卢梭在Môtiers的住处在1765年9月6日被丢掷石头，因此让·雅克·卢梭和大卫·休谟到英国避难，休谟在斯塔福德郡的Wootton，朋友的乡间别墅居住。
1767年|让·雅克·卢梭|法国|让·雅克·卢梭在1767年，曾用假名进入法国。
1770年|让·雅克·卢梭|法国|1770年，让·雅克·卢梭和泰蕾兹·勒瓦瑟允许进入法国，但不允许出版著作。
1772年|让·雅克·卢梭|波兰|1772年，让·雅克·卢梭受邀为波兰立陶宛的新宪法提供建议，因此让·雅克·卢梭写了《论波兰政府》这也是他最后的政治作品。
1772年|让·雅克·卢梭|立陶宛|1772年，让·雅克·卢梭受邀为波兰立陶宛的新宪法提供建议，因此让·雅克·卢梭写了《论波兰政府》这也是他最后的政治作品。
1778年7月2日|让·雅克·卢梭|法国|1778年7月2日，让·雅克·卢梭在法国埃尔芒翁维尔逝世。
1778年7月2日|让·雅克·卢梭|埃尔芒翁维尔|1778年7月2日，让·雅克·卢梭在法国埃尔芒翁维尔逝世。
1893年10月23日|让·阿布西尔|佩鲁维茨|1893年10月23日，让·阿布西尔在佩鲁维茨出生。
1922年|让·阿布西尔|意大利|1922年，让·阿布西尔获罗马大奖，到意大利和法国深造，结识了米约和雅克·伊贝尔。
1922年|让·阿布西尔|法国|1922年，让·阿布西尔获罗马大奖，到意大利和法国深造，结识了米约和雅克·伊贝尔。
1922年|雅克·伊贝尔|意大利|1922年，让·阿布西尔获罗马大奖，到意大利和法国深造，结识了米约和雅克·伊贝尔。
1922年|雅克·伊贝尔|法国|1922年，让·阿布西尔获罗马大奖，到意大利和法国深造，结识了米约和雅克·伊贝尔。
1974年2月2日|让·阿布西尔|于克勒|1974年2月2日，让·阿布西尔在于克勒逝世。
1683年9月25日|让·菲利普·拉莫|第戎|1683年9月25日，让·菲利普·拉莫在第戎出生。
1701年|让·菲利普·拉莫|意大利|1701年，让·菲利普·拉莫的父亲终于同意他从事音乐，并且将他送往意大利，他在米兰逗留了几个月。
1701年|让·菲利普·拉莫|米兰|1701年，让·菲利普·拉莫的父亲终于同意他从事音乐，并且将他送往意大利，他在米兰逗留了几个月。
1709年|让·菲利普·拉莫|第戎|1709年，让·菲利普·拉莫重回第戎，并且继任了父亲在巴黎圣母院的工作。
1722年|让·菲利普·拉莫|巴黎|1722年，让·菲利普·拉莫前往巴黎，并在那里定居。
1764年9月12日|让·菲利普·拉莫|巴黎|1764年9月12日，让·菲利普·拉莫在巴黎逝世。
1711年12月25日|让·约瑟夫·卡桑尼·德·蒙东维尔|德勒|1711年12月25日，让·约瑟夫·卡桑尼·德·蒙东维尔在德勒出生。
1731年|让·约瑟夫·卡桑尼·德·蒙东维尔|巴黎|1731年，让·约瑟夫·卡桑尼·德·蒙东维尔去了巴黎。
1772年10月8日|让·约瑟夫·卡桑尼·德·蒙东维尔|巴黎|1772年10月8日，让·约瑟夫·卡桑尼·德·蒙东维尔在巴黎逝世。
1697年5月10日|让·玛丽·勒克莱尔|里昂|1697年5月10日，让·玛丽·勒克莱尔在里昂出生。
1723年|让·玛丽·勒克莱尔|巴黎|1723年，让·玛丽·勒克莱尔移居巴黎，成为一名受公众欢迎的小提琴家。
1738年|让·玛丽·勒克莱尔|海牙|1738年，让·玛丽·勒克莱尔接受荷兰奥伦治·拿索王朝的聘请前往海牙任职。
1743年|让·玛丽·勒克莱尔|巴黎|1743年，让·玛丽·勒克莱尔回巴黎。
1764年10月22日|让·玛丽·勒克莱尔|巴黎|1764年10月22日，让·玛丽·勒克莱尔在巴黎逝世。
1835年|西吉斯蒙德·塔尔贝格|巴黎|1835年，西吉斯蒙德·塔尔贝格移居巴黎，并获得了巨大的成功，这引起了李斯特·费伦茨的不安，引发了音乐史上的一次著名决斗。
1835年|李斯特·费伦茨|巴黎|1835年，西吉斯蒙德·塔尔贝格移居巴黎，并获得了巨大的成功，这引起了李斯特·费伦茨的不安，引发了音乐史上的一次著名决斗。
1843年|西吉斯蒙德·塔尔贝格|美洲|这次竞争一直持续到1843年，西吉斯蒙德·塔尔贝格自认失败，远赴美洲演出。
1861年|西吉斯蒙德·塔尔贝格|维也纳|1861年，西吉斯蒙德·塔尔贝格随母移居维也纳。
1871年4月27日|西吉斯蒙德·塔尔贝格|意大利|1871年4月27日，西吉斯蒙德·塔尔贝格在意大利那不勒斯逝世。
1871年4月27日|西吉斯蒙德·塔尔贝格|那不勒斯|1871年4月27日，西吉斯蒙德·塔尔贝格在意大利那不勒斯逝世。
1854年7月3日|莱奥什·雅纳切克|胡克瓦尔迪|1854年7月3日，莱奥什·雅纳切克在胡克瓦尔迪奥匈帝国出生。
1854年7月3日|莱奥什·雅纳切克|奥匈帝国|1854年7月3日，莱奥什·雅纳切克在胡克瓦尔迪奥匈帝国出生。
1874年-1875年|莱奥什·雅纳切克|布拉格|1874年-1875年，莱奥什·雅纳切克在布拉格上管风琴学校，接受František Skuherský和František Blažek的指导，原先他决定学习钢琴与管风琴，但最后决定投身作曲。
1879年-1880年|莱奥什·雅纳切克|莱比锡|1879年-1880年，莱奥什·雅纳切克在莱比锡门德尔松音乐戏剧学院学习，在Oskar Paul和Leo Grill地指导下学习钢琴、管风琴以及作曲。
1880年|莱奥什·雅纳切克|维也纳|1880年，莱奥什·雅纳切克短暂在维也纳Franz Krenn底下学习，因为曲子及风格得不到认同因此最终离开了维也纳并回到布尔诺。
1880年|莱奥什·雅纳切克|布尔诺|1880年，莱奥什·雅纳切克短暂在维也纳Franz Krenn底下学习，因为曲子及风格得不到认同因此最终离开了维也纳并回到布尔诺。
1919年|莱奥什·雅纳切克|布尔诺|1919年，莱奥什·雅纳切克成为布尔诺一所新建立的私立音乐学院的音乐指导。
1928年8月12日|莱奥什·雅纳切克|俄斯特拉发|1928年8月12日，莱奥什·雅纳切克在俄斯特拉发捷克斯洛伐克逝世。
1928年8月12日|莱奥什·雅纳切克|捷克斯洛伐克|1928年8月12日，莱奥什·雅纳切克在俄斯特拉发捷克斯洛伐克逝世。
1839年3月21日|莫杰斯特·彼得罗维奇·穆索尔斯基|俄罗斯帝国|1839年3月21日，莫杰斯特·彼得罗维奇·穆索尔斯基在俄罗斯帝国普斯科夫出生。
1839年3月21日|莫杰斯特·彼得罗维奇·穆索尔斯基|普斯科夫|1839年3月21日，莫杰斯特·彼得罗维奇·穆索尔斯基在俄罗斯帝国普斯科夫出生。
1852年|莫杰斯特·彼得罗维奇·穆索尔斯基|圣彼得堡|1852年，莫杰斯特·彼得罗维奇·穆索尔斯基进入圣彼得堡军事学院学习，当时他非常喜欢历史和哲学。
1859年|莫杰斯特·彼得罗维奇·穆索尔斯基|莫斯科|1859年的莫斯科之行使得莫杰斯特·彼得罗维奇·穆索尔斯基立志成为一位俄国人民的作曲家。
1861年|莫杰斯特·彼得罗维奇·穆索尔斯基|俄罗斯|1861年俄罗斯实行的农奴制制改革使得莫杰斯特·彼得罗维奇·穆索尔斯基的家庭一落千丈，莫杰斯特·彼得罗维奇·穆索尔斯基不得不回乡，用2年时间帮助兄弟管理家庭财务。
1881年3月28日|莫杰斯特·彼得罗维奇·穆索尔斯基|俄罗斯帝国|1881年3月28日，莫杰斯特·彼得罗维奇·穆索尔斯基在俄罗斯帝国圣彼得堡逝世。
1881年3月28日|莫杰斯特·彼得罗维奇·穆索尔斯基|圣彼得堡|1881年3月28日，莫杰斯特·彼得罗维奇·穆索尔斯基在俄罗斯帝国圣彼得堡逝世。
1805年11月14日|范妮·门德尔松|普鲁士|1805年11月14日，范妮·门德尔松在普鲁士汉堡出生。
1805年11月14日|范妮·门德尔松|汉堡|1805年11月14日，范妮·门德尔松在普鲁士汉堡出生。
1847年5月14日|范妮·门德尔松|普鲁士|1847年5月14日，范妮·门德尔松在普鲁士柏林逝世。
1847年5月14日|范妮·门德尔松|柏林|1847年5月14日，范妮·门德尔松在普鲁士柏林逝世。
1896年12月28日|罗杰·塞欣斯|美国|1896年12月28日，罗杰·塞欣斯在美国纽约出生。
1896年12月28日|罗杰·塞欣斯|纽约|1896年12月28日，罗杰·塞欣斯在美国纽约出生。
1985年3月16日|罗杰·塞欣斯|美国|1985年3月16日，罗杰·塞欣斯在美国普林斯顿逝世。
1985年3月16日|罗杰·塞欣斯|普林斯顿|1985年3月16日，罗杰·塞欣斯在美国普林斯顿逝世。
1810年6月8日|罗伯特·舒曼|萨克森|1810年6月8日，罗伯特·舒曼在萨克森茨维考出生。
1810年6月8日|罗伯特·舒曼|茨维考|1810年6月8日，罗伯特·舒曼在萨克森茨维考出生。
1828年|罗伯特·舒曼|莱比锡|1828年，罗伯特·舒曼中学毕业，这时罗伯特·舒曼的父亲也去世了，他如母亲的愿望，去了莱比锡学习法律，第2年又到海德堡继续学习。
1830年|罗伯特·舒曼|法兰克福|1830年，罗伯特·舒曼在海德堡附近的法兰克福听了一场尼可罗·帕格尼尼的演奏会，从此立志要成为一名钢琴家。
1830年|尼可罗·帕格尼尼|法兰克福|1830年，罗伯特·舒曼在海德堡附近的法兰克福听了一场尼可罗·帕格尼尼的演奏会，从此立志要成为一名钢琴家。
1830年|罗伯特·舒曼|莱比锡|这1年圣诞节罗伯特·舒曼回到莱比锡全心投入成为钢琴家的练习中，这时罗伯特·舒曼已经1830年了。
1840年|罗伯特·舒曼|莱比锡|经过罗伯特·舒曼不懈努力，1840年终于在莱比锡郊区的Schönefeld镇与克拉拉结婚。
1843年|罗伯特·舒曼|莱比锡|1843年，罗伯特·舒曼在莱比锡音乐学院任教。
1844年|罗伯特·舒曼|德雷斯顿|1844年，罗伯特·舒曼赴德雷斯顿任合唱团领队。
1850年|罗伯特·舒曼|杜塞尔多夫|1850年，罗伯特·舒曼搬到杜塞尔多夫，担任乐队指挥。
1856年7月29日|罗伯特·舒曼|普鲁士|1856年7月29日，罗伯特·舒曼在普鲁士莱茵省波昂逝世。
1856年7月29日|罗伯特·舒曼|莱茵省|1856年7月29日，罗伯特·舒曼在普鲁士莱茵省波昂逝世。
1856年7月29日|罗伯特·舒曼|波昂|1856年7月29日，罗伯特·舒曼在普鲁士莱茵省波昂逝世。
1815年4月6日|罗伯特·福尔克曼|萨克森州|1815年4月6日，罗伯特·福尔克曼在萨克森州迈森县出生。
1815年4月6日|罗伯特·福尔克曼|迈森县|1815年4月6日，罗伯特·福尔克曼在萨克森州迈森县出生。
1836年|罗伯特·福尔克曼|莱比锡|1836年，罗伯特·福尔克曼迁往莱比锡，跟随当地的圣尼古拉教堂的领唱卡尔·弗里德里希·贝克做私人学徒以继续深造。
1841年|罗伯特·福尔克曼|布达佩斯|1841年，罗伯特·福尔克曼移居到布达佩斯，在那里作为私人家庭教师以及《维也纳市音乐报》的记者。
1854年|罗伯特·福尔克曼|维也纳|1854年，罗伯特·福尔克曼前往维也纳举行音乐会，但没有达到预期的成功。
1858年|罗伯特·福尔克曼|布达佩斯|因此1858年，罗伯特·福尔克曼返回到布达佩斯并度过余生。
1883年10月30日|罗伯特·福尔克曼|布达佩斯|1883年10月30日，罗伯特·福尔克曼在布达佩斯逝世。
1847年2月15日|罗伯特·富克斯|拉斯尼茨|1847年2月15日，罗伯特·富克斯在拉斯尼茨的弗劳恩塔尔出生。
1847年2月15日|罗伯特·富克斯|弗劳恩塔尔|1847年2月15日，罗伯特·富克斯在拉斯尼茨的弗劳恩塔尔出生。
1927年2月19日|罗伯特·富克斯|维也纳|1927年2月19日，罗伯特·富克斯在维也纳逝世。
1397年8月5日|纪尧姆·迪费|布鲁塞尔|1397年8月5日，纪尧姆·迪费在布鲁塞尔出生。
1420年-1426年|纪尧姆·迪费|里米尼|1420年-1426年，纪尧姆·迪费在里米尼，为佩沙洛的领主马拉特斯塔家服务。
1474年11月27日|纪尧姆·迪费|康布雷|1474年11月27日，纪尧姆·迪费在康布雷逝世。
1833年5月7日|约翰内斯·勃拉姆斯|普鲁士|1833年5月7日，约翰内斯·勃拉姆斯在普鲁士汉堡出生。
1833年5月7日|约翰内斯·勃拉姆斯|汉堡|1833年5月7日，约翰内斯·勃拉姆斯在普鲁士汉堡出生。
1852年|约翰内斯·勃拉姆斯|汉堡|年轻的约翰内斯·勃拉姆斯在汉堡开过几场公开演奏会，但直到1852年进行巡演之后才名声大噪。
1856年|约翰内斯·勃拉姆斯|汉堡|1856年，舒曼去世之后，约翰内斯·勃拉姆斯时而在汉堡指挥一个女性合唱团，时而在代特莫尔德指挥乐队、教授学生。
1862年|约翰内斯·勃拉姆斯|维也纳|1862年，约翰内斯·勃拉姆斯第一次来到维也纳。
1863年|约翰内斯·勃拉姆斯|维也纳|1863年，约翰内斯·勃拉姆斯被任命为维也纳歌唱学院的指挥。
1864年|约翰内斯·勃拉姆斯|维也纳|尽管1864年，约翰内斯·勃拉姆斯就辞去了这个职位，并且考虑在别处继续指挥，约翰内斯·勃拉姆斯还是主要以维也纳为基地，并最终落户于此。
1868年|约翰内斯·勃拉姆斯|欧洲|1868年，约翰内斯·勃拉姆斯大型合唱作品《德意志安魂曲》的首演巩固了作曲家在欧洲音乐界的地位。
1872年-1875年|约翰内斯·勃拉姆斯|维也纳|1872年-1875年，约翰内斯·勃拉姆斯是维也纳“音乐之友协会”的音乐会总监。
1881年|约翰内斯·勃拉姆斯|匈牙利|1881年，约翰内斯·勃拉姆斯著名的《第二钢琴协奏曲》在匈牙利佩斯特首演，由作曲家本人演奏。
1881年|约翰内斯·勃拉姆斯|佩斯特|1881年，约翰内斯·勃拉姆斯著名的《第二钢琴协奏曲》在匈牙利佩斯特首演，由作曲家本人演奏。
1889年|约翰内斯·勃拉姆斯|美国|1889年，美国发明家爱迪生的代表西奥·旺格曼来到维也纳，与约翰内斯·勃拉姆斯合作录制了一张试验性的LP录音。
1889年|约翰内斯·勃拉姆斯|维也纳|1889年，美国发明家爱迪生的代表西奥·旺格曼来到维也纳，与约翰内斯·勃拉姆斯合作录制了一张试验性的LP录音。
1889年|约翰内斯·勃拉姆斯|汉堡|1889年，约翰内斯·勃拉姆斯获得“汉堡荣誉市民”的称号。
1897年4月3日|约翰内斯·勃拉姆斯|奥匈帝国|1897年4月3日，约翰内斯·勃拉姆斯在奥匈帝国维也纳逝世。
1897年4月3日|约翰内斯·勃拉姆斯|维也纳|1897年4月3日，约翰内斯·勃拉姆斯在奥匈帝国维也纳逝世。
1699年3月25日|约翰·阿道夫·哈塞|贝格多夫|1699年3月25日，约翰·阿道夫·哈塞在贝格多夫出生。
1724年|约翰·阿道夫·哈塞|那不勒斯|1724年，约翰·阿道夫·哈塞到那不勒斯，向亚历山德罗·斯卡拉蒂学习，掌握了意大利歌剧的创作方法，成为一名出色的歌剧作曲家。
1724年|亚历山德罗·斯卡拉蒂|那不勒斯|1724年，约翰·阿道夫·哈塞到那不勒斯，向亚历山德罗·斯卡拉蒂学习，掌握了意大利歌剧的创作方法，成为一名出色的歌剧作曲家。
1731年|约翰·阿道夫·哈塞|德累斯顿|1731年，约翰·阿道夫·哈塞到德累斯顿工作，同时到欧洲各地指挥自己的剧作上演，曾与克里斯托夫·维利巴尔德·格鲁克展开过竞争。
1731年|约翰·阿道夫·哈塞|欧洲|1731年，约翰·阿道夫·哈塞到德累斯顿工作，同时到欧洲各地指挥自己的剧作上演，曾与克里斯托夫·维利巴尔德·格鲁克展开过竞争。
1731年|克里斯托夫·维利巴尔德·格鲁克|德累斯顿|1731年，约翰·阿道夫·哈塞到德累斯顿工作，同时到欧洲各地指挥自己的剧作上演，曾与克里斯托夫·维利巴尔德·格鲁克展开过竞争。
1731年|克里斯托夫·维利巴尔德·格鲁克|欧洲|1731年，约翰·阿道夫·哈塞到德累斯顿工作，同时到欧洲各地指挥自己的剧作上演，曾与克里斯托夫·维利巴尔德·格鲁克展开过竞争。
1783年12月6日|约翰·阿道夫·哈塞|威尼斯|1783年12月6日，约翰·阿道夫·哈塞在威尼斯逝世。
1782年7月26日|约翰·菲尔德|都柏林|1782年7月26日，约翰·菲尔德在都柏林出生。
1793年|约翰·菲尔德|伦敦|1793年，约翰·菲尔德随家人移居伦敦，师从穆齐奥·克莱门蒂。
1793年|穆齐奥·克莱门蒂|伦敦|1793年，约翰·菲尔德随家人移居伦敦，师从穆齐奥·克莱门蒂。
1801年|约翰·菲尔德|欧洲|1801年，约翰·菲尔德随克莱门蒂到欧洲大陆演出，后来又到俄罗斯。
1801年|约翰·菲尔德|俄罗斯|1801年，约翰·菲尔德随克莱门蒂到欧洲大陆演出，后来又到俄罗斯。
1831年|约翰·菲尔德|欧洲|1831年，约翰·菲尔德到欧洲旅行，结识了卡尔·车尔尼，并听了李斯特·费伦茨的演出。
1831年|卡尔·车尔尼|欧洲|1831年，约翰·菲尔德到欧洲旅行，结识了卡尔·车尔尼，并听了李斯特·费伦茨的演出。
1831年|李斯特·费伦茨|欧洲|1831年，约翰·菲尔德到欧洲旅行，结识了卡尔·车尔尼，并听了李斯特·费伦茨的演出。
1837年1月23日|约翰·菲尔德|莫斯科|1837年1月23日，约翰·菲尔德在莫斯科逝世。
1653年9月1日|约翰·帕赫贝尔|神圣罗马帝国|1653年9月1日，约翰·帕赫贝尔在神圣罗马帝国纽伦堡出生。
1653年9月1日|约翰·帕赫贝尔|纽伦堡|1653年9月1日，约翰·帕赫贝尔在神圣罗马帝国纽伦堡出生。
1673年|约翰·帕赫贝尔|维也纳|1673年追随约翰·帕赫贝尔的老师普伦次到维也纳担任圣史提芬教堂的管风琴师。
1706年3月7日|约翰·帕赫贝尔|神圣罗马帝国|1706年3月7日，约翰·帕赫贝尔在神圣罗马帝国纽伦堡逝世。
1706年3月7日|约翰·帕赫贝尔|纽伦堡|1706年3月7日，约翰·帕赫贝尔在神圣罗马帝国纽伦堡逝世。
1735年9月5日|约翰·克里斯蒂安·巴赫|莱比锡|1735年9月5日，约翰·克里斯蒂安·巴赫在莱比锡出生。
1750年|约翰·克里斯蒂安·巴赫|柏林|1750年，约翰·克里斯蒂安·巴赫父亲死后，他离开莱比锡前往柏林，找他的同父异母哥哥卡尔·菲利普·埃马努埃尔·巴赫，他哥哥在那里给普鲁士国王腓特烈2世当宫廷乐手。
1750年|卡尔·菲利普·埃马努埃尔·巴赫|柏林|1750年，约翰·克里斯蒂安·巴赫父亲死后，他离开莱比锡前往柏林，找他的同父异母哥哥卡尔·菲利普·埃马努埃尔·巴赫，他哥哥在那里给普鲁士国王腓特烈2世当宫廷乐手。
1754年|约翰·克里斯蒂安·巴赫|意大利|1754年，约翰·克里斯蒂安·巴赫前往意大利米兰，服务于Agostino Litta公爵。
1754年|约翰·克里斯蒂安·巴赫|米兰|1754年，约翰·克里斯蒂安·巴赫前往意大利米兰，服务于Agostino Litta公爵。
1760年|约翰·克里斯蒂安·巴赫|米兰|1760年，约翰·克里斯蒂安·巴赫从新教改信天主教，随后担任任天主教米兰主教座堂的管风琴手。
1762年|约翰·克里斯蒂安·巴赫|英国|1762年，约翰·克里斯蒂安·巴赫前往英国伦敦，在皇家剧院上演歌剧，其中有他创作的歌剧《Orione》。
1762年|约翰·克里斯蒂安·巴赫|伦敦|1762年，约翰·克里斯蒂安·巴赫前往英国伦敦，在皇家剧院上演歌剧，其中有他创作的歌剧《Orione》。
1766年|约翰·克里斯蒂安·巴赫|伦敦|1766年，约翰·克里斯蒂安·巴赫在伦敦娶女高音歌手Cecilia Grassi为妻。
1782年1月1日|约翰·克里斯蒂安·巴赫|伦敦|1782年1月1日，约翰·克里斯蒂安·巴赫在伦敦逝世。
1882年5月11日|约瑟夫·马克思|格拉茨|1882年5月11日，约瑟夫·马克思在格拉茨出生。
1964年9月3日|约瑟夫·马克思|格拉茨|1964年9月3日，约瑟夫·马克思在格拉茨逝世。
1732年3月31日|约瑟夫·海顿|神圣罗马帝国|1732年3月31日，约瑟夫·海顿在神圣罗马帝国奥地利罗劳出生。
1732年3月31日|约瑟夫·海顿|奥地利|1732年3月31日，约瑟夫·海顿在神圣罗马帝国奥地利罗劳出生。
1732年3月31日|约瑟夫·海顿|罗劳|1732年3月31日，约瑟夫·海顿在神圣罗马帝国奥地利罗劳出生。
1737年|约瑟夫·海顿|海茵堡|约瑟夫·海顿1737年，被送到海茵堡附近的亲戚家，以接受那里教堂唱诗班的训练。
1740年|约瑟夫·海顿|维也纳|1740年，约瑟夫·海顿在当时维也纳的圣斯德望主教座堂音乐总监乔治·罗伊特尔下乡选苗子的时候被相中。
1754年|约瑟夫·海顿|维也纳|从1754年，约瑟夫·海顿开始担任维也纳出生的当时10岁的Marianna Martines的钢琴教师。
1809年5月31日|约瑟夫·海顿|奥地利|1809年5月31日，约瑟夫·海顿在奥地利维也纳逝世。
1809年5月31日|约瑟夫·海顿|维也纳|1809年5月31日，约瑟夫·海顿在奥地利维也纳逝世。
1827年8月20日|约瑟夫·施特劳斯|维也纳|1827年8月20日，约瑟夫·施特劳斯在维也纳出生。
1853年|约瑟夫·施特劳斯|维也纳|约瑟夫·施特劳斯在1853年成为维也纳议会特聘的工程师，为维也纳设计清洗街道的机器。
1857年6月8日|约瑟夫·施特劳斯|维也纳|1857年6月8日，约瑟夫·施特劳斯在维也纳约翰·尼波默克教堂与卡洛琳·普鲁克梅尔结婚。
1870年|约瑟夫·施特劳斯|波兰|约瑟夫·施特劳斯的身体健康一直不好，直到1870年访问波兰期间，昏倒在某场“什锦音乐会”的指挥台上。
1870年7月22日|约瑟夫·施特劳斯|维也纳|1870年7月22日，约瑟夫·施特劳斯在维也纳逝世。
1884年2月22日|约克·鲍文|伦敦|1884年2月22日，约克·鲍文在伦敦出生。
1961年11月23日|约克·鲍文|伦敦|1961年11月23日，约克·鲍文在伦敦逝世。
1657年|米歇尔·理查德·德拉兰德|巴黎|1657年，米歇尔·理查德·德拉兰德在巴黎出生。
1726年6月18日|米歇尔·理查德·德拉兰德|凡尔赛|1726年6月18日，米歇尔·理查德·德拉兰德在凡尔赛逝世。
1804年6月1日|米哈伊尔·伊万诺维奇·格林卡|俄罗斯|1804年6月1日，米哈伊尔·伊万诺维奇·格林卡在俄罗斯斯摩棱斯克省新斯帕斯科耶出生。
1804年6月1日|米哈伊尔·伊万诺维奇·格林卡|斯摩棱斯克省|1804年6月1日，米哈伊尔·伊万诺维奇·格林卡在俄罗斯斯摩棱斯克省新斯帕斯科耶出生。
1804年6月1日|米哈伊尔·伊万诺维奇·格林卡|新斯帕斯科耶|1804年6月1日，米哈伊尔·伊万诺维奇·格林卡在俄罗斯斯摩棱斯克省新斯帕斯科耶出生。
1830年|米哈伊尔·伊万诺维奇·格林卡|意大利|1830年，米哈伊尔·伊万诺维奇·格林卡到意大利深造，主要学习了歌剧的创作。
1834年|米哈伊尔·伊万诺维奇·格林卡|俄罗斯|1834年，米哈伊尔·伊万诺维奇·格林卡回俄罗斯，写出成名作《伊凡·苏萨宁》，取材于波兰入侵俄国时，农民苏萨宁被迫为敌军带路而将敌军引入冰雪丛林，与敌同归于尽的故事，音乐富于民族风格，是俄国第一部民族歌剧。
1834年|米哈伊尔·伊万诺维奇·格林卡|波兰|1834年，米哈伊尔·伊万诺维奇·格林卡回俄罗斯，写出成名作《伊凡·苏萨宁》，取材于波兰入侵俄国时，农民苏萨宁被迫为敌军带路而将敌军引入冰雪丛林，与敌同归于尽的故事，音乐富于民族风格，是俄国第一部民族歌剧。
1857年2月15日|米哈伊尔·伊万诺维奇·格林卡|德意志邦联柏林|1857年2月15日，米哈伊尔·伊万诺维奇·格林卡在德意志邦联柏林逝世。
1752年1月23日|穆齐奥·克莱门蒂|罗马|1752年1月23日，穆齐奥·克莱门蒂在罗马出生。
1766年|穆齐奥·克莱门蒂|英国|1766年被英国人贝克福特所赏识而渡英，穆齐奥·克莱门蒂在此地学习钢琴及作曲。
1770年|穆齐奥·克莱门蒂|伦敦|1770年，穆齐奥·克莱门蒂在伦敦公开演奏会上获得了成功。
1782年|穆齐奥·克莱门蒂|伦敦|1782年，穆齐奥·克莱门蒂起定居伦敦。
1832年3月10日|穆齐奥·克莱门蒂|英格兰|1832年3月10日，穆齐奥·克莱门蒂在英格兰伍斯特郡伊夫舍姆逝世。
1832年3月10日|穆齐奥·克莱门蒂|伍斯特郡|1832年3月10日，穆齐奥·克莱门蒂在英格兰伍斯特郡伊夫舍姆逝世。
1832年3月10日|穆齐奥·克莱门蒂|伊夫舍姆|1832年3月10日，穆齐奥·克莱门蒂在英格兰伍斯特郡伊夫舍姆逝世。
1813年5月22日|理查德·瓦格纳|萨克森|1813年5月22日，理查德·瓦格纳在萨克森莱比锡出生。
1813年5月22日|理查德·瓦格纳|莱比锡|1813年5月22日，理查德·瓦格纳在萨克森莱比锡出生。
1827年|理查德·瓦格纳|莱比锡|1827年，理查德·瓦格纳全家又迁回莱比锡。
1831年|理查德·瓦格纳|莱比锡|1831年，理查德·瓦格纳进入莱比锡大学学习音乐创作。
1832年|理查德·瓦格纳|维尔茨堡|1832年，经理查德·瓦格纳哥哥介绍，到维尔茨堡任合唱指挥。
1837年6月|理查德·瓦格纳|俄罗斯|1837年6月，理查德·瓦格纳前往当时俄罗斯的里加任一家歌剧院的音乐指挥。
1839年|理查德·瓦格纳|伦敦|1839年，理查德·瓦格纳因为债务，乘船逃往伦敦。
1840年-1841年|理查德·瓦格纳|巴黎|1840年-1841年，理查德·瓦格纳在巴黎度过。
1842年|理查德·瓦格纳|德国|1842年，理查德·瓦格纳返回德国德累斯顿，任萨克森王国宫廷乐队指挥。
1849年|理查德·瓦格纳|德累斯顿|1849年在德累斯顿参加5月，理查德·瓦格纳起义，失败后被通缉。
1861年|理查德·瓦格纳|德国|1861年，理查德·瓦格纳通缉令解除后，回到德国，住在威斯巴登的Biebrich镇。
1861年|理查德·瓦格纳|威斯巴登|1861年，理查德·瓦格纳通缉令解除后，回到德国，住在威斯巴登的Biebrich镇。
1883年2月13日|理查德·瓦格纳|意大利|1883年2月13日，理查德·瓦格纳在意大利威尼斯逝世。
1883年2月13日|理查德·瓦格纳|威尼斯|1883年2月13日，理查德·瓦格纳在意大利威尼斯逝世。
1823年1月27日|爱德华·拉罗|里尔|1823年1月27日，爱德华·拉罗在里尔出生。
1839年|爱德华·拉罗|巴黎|1839年，爱德华·拉罗时进入巴黎国立高等音乐舞蹈学院进修。
1892年4月22日|爱德华·拉罗|巴黎|1892年4月22日，爱德华·拉罗在巴黎逝世。
1792年2月29日|焦阿基诺·罗西尼|佩萨罗|1792年2月29日，焦阿基诺·罗西尼在佩萨罗出生。
1807年|焦阿基诺·罗西尼|波隆那|1807年15岁时，焦阿基诺·罗西尼开始学作曲，不久进入波隆那音乐学院学就读。
1824年|焦阿基诺·罗西尼|巴黎|1824年，焦阿基诺·罗西尼移居巴黎，担任巴黎意大利剧院的经理。
1836年|焦阿基诺·罗西尼|博洛尼亚|1836年，焦阿基诺·罗西尼回到博洛尼亚，担任母校波隆纳音乐学院的名誉校长。
1848年|焦阿基诺·罗西尼|佛罗伦斯|1848年，波隆那的动乱迫使焦阿基诺·罗西尼迁居佛罗伦斯。
1855年|焦阿基诺·罗西尼|巴黎|1855年，焦阿基诺·罗西尼再次移居花都巴黎。
1868年11月13日|焦阿基诺·罗西尼|法国|1868年11月13日，焦阿基诺·罗西尼在法国巴黎逝世。
1868年11月13日|焦阿基诺·罗西尼|巴黎|1868年11月13日，焦阿基诺·罗西尼在法国巴黎逝世。
1795年8月16日|海因里希·马施纳|齐陶|1795年8月16日，海因里希·马施纳在齐陶出生。
1816年|海因里希·马施纳|布拉迪斯拉发|1816年，海因里希·马施纳任布拉迪斯拉发宫廷音乐家。
1861年12月16日|海因里希·马施纳|汉诺威|1861年12月16日，海因里希·马施纳在汉诺威逝世。
1843年6月10日|海因里希·冯·赫尔佐根伯格|格拉茨|1843年6月10日，海因里希·冯·赫尔佐根伯格在格拉茨出生。
1874年|海因里希·冯·赫尔佐根伯格|莱比锡|1874年，海因里希·冯·赫尔佐根伯格移居莱比锡任教。
1885年|海因里希·冯·赫尔佐根伯格|柏林|1885年，海因里希·冯·赫尔佐根伯格又移居柏林。
1900年10月9日|海因里希·冯·赫尔佐根伯格|威斯巴登|1900年10月9日，海因里希·冯·赫尔佐根伯格在威斯巴登逝世。
1756年1月27日|沃尔夫冈·阿马德乌斯·莫扎特|神圣罗马帝国|1756年1月27日，沃尔夫冈·阿马德乌斯·莫扎特在神圣罗马帝国萨尔茨堡出生。
1756年1月27日|沃尔夫冈·阿马德乌斯·莫扎特|萨尔茨堡|1756年1月27日，沃尔夫冈·阿马德乌斯·莫扎特在神圣罗马帝国萨尔茨堡出生。
1762年-1773年|沃尔夫冈·阿马德乌斯·莫扎特|欧洲|1762年-1773年，沃尔夫冈·阿马德乌斯·莫扎特随父母经常在欧洲做演出旅行。
1773年|沃尔夫冈·阿马德乌斯·莫扎特|维也纳|1773年，沃尔夫冈·阿马德乌斯·莫扎特心有不甘地接受这个限制，使得他与亲王大主教之间的关系在接下来的3年里持续恶化，所幸那段时间的沃尔夫冈·阿马德乌斯·莫扎特在维也纳结识了约瑟夫·海顿，两人互相通信，并建立了彼此惺惺相惜的友谊。
1773年|约瑟夫·海顿|维也纳|1773年，沃尔夫冈·阿马德乌斯·莫扎特心有不甘地接受这个限制，使得他与亲王大主教之间的关系在接下来的3年里持续恶化，所幸那段时间的沃尔夫冈·阿马德乌斯·莫扎特在维也纳结识了约瑟夫·海顿，两人互相通信，并建立了彼此惺惺相惜的友谊。
1776年|沃尔夫冈·阿马德乌斯·莫扎特|萨尔斯堡|1776年，沃尔夫冈·阿马德乌斯·莫扎特20岁，并决定离开萨尔斯堡，然而亲王大主教拒绝让沃尔夫冈·阿马德乌斯·莫扎特离开父亲并要解除他乐团首席的身份。
1778年8月|沃尔夫冈·阿马德乌斯·莫扎特|巴黎|负债累累后，沃尔夫冈·阿马德乌斯·莫扎特明白了沃尔夫冈·阿马德乌斯·莫扎特必须重新寻找工作，并于1778年8月前往巴黎。
1779年1月29日|沃尔夫冈·阿马德乌斯·莫扎特|慕尼黑|途中经过韦伯尔一家生活的慕尼黑，但阿罗伊齐亚爱上了另一位歌剧导演，沮丧的沃尔夫冈·阿马德乌斯·莫扎特在1779年1月29日回到了萨尔斯堡。
1779年1月29日|沃尔夫冈·阿马德乌斯·莫扎特|萨尔斯堡|途中经过韦伯尔一家生活的慕尼黑，但阿罗伊齐亚爱上了另一位歌剧导演，沮丧的沃尔夫冈·阿马德乌斯·莫扎特在1779年1月29日回到了萨尔斯堡。
1780年11月|沃尔夫冈·阿马德乌斯·莫扎特|慕尼黑|1780年11月，沃尔夫冈·阿马德乌斯·莫扎特从慕尼黑收到一份歌剧的请求，这个创作名为《依多美尼欧》，在1781年1月29日首演时获得了巨大的成功。
1781年1月29日|沃尔夫冈·阿马德乌斯·莫扎特|慕尼黑|1780年11月，沃尔夫冈·阿马德乌斯·莫扎特从慕尼黑收到一份歌剧的请求，这个创作名为《依多美尼欧》，在1781年1月29日首演时获得了巨大的成功。
1786年5月1日|沃尔夫冈·阿马德乌斯·莫扎特|维也纳|沃尔夫冈·阿马德乌斯·莫扎特将达·彭特的歌词配上音乐，《费加洛婚礼》于1786年5月1日在维也纳展开首演。
1787年10月28日|沃尔夫冈·阿马德乌斯·莫扎特|维也纳|沃尔夫冈·阿马德乌斯·莫扎特首演于1787年10月28日布拉格的《唐·乔望尼》一炮而红，但后来在维也纳并没有获得同样的成功。
1791年12月5日|沃尔夫冈·阿马德乌斯·莫扎特|神圣罗马帝国|1791年12月5日，沃尔夫冈·阿马德乌斯·莫扎特在神圣罗马帝国维也纳逝世。
1791年12月5日|沃尔夫冈·阿马德乌斯·莫扎特|维也纳|1791年12月5日，沃尔夫冈·阿马德乌斯·莫扎特在神圣罗马帝国维也纳逝世。
1864年4月10日|欧根·达尔伯特|格拉斯哥|1864年4月10日，欧根·达尔伯特在格拉斯哥出生。
1881年|欧根·达尔伯特|维也纳|1881年，欧根·达尔伯特离开英国到维也纳学习，后来成为李斯特·费伦茨的得意门生。
1881年|李斯特·费伦茨|维也纳|1881年，欧根·达尔伯特离开英国到维也纳学习，后来成为李斯特·费伦茨的得意门生。
1914年|欧根·达尔伯特|瑞士|1914年欧根·达尔伯特入籍瑞士。
1932年3月3日|欧根·达尔伯特|里加|1932年3月3日，欧根·达尔伯特在里加逝世。
1855年|欧内斯特·肖松|巴黎|欧内斯特·肖松1855年生于巴黎一个富裕的商人家庭。
1855年1月20日|欧内斯特·肖松|巴黎|1855年1月20日，欧内斯特·肖松在巴黎出生。
1879年|欧内斯特·肖松|巴黎|1879年，欧内斯特·肖松决心从事音乐创作，入巴黎国立高等音乐舞蹈学院师从塞扎尔·弗兰克和儒勒·马斯内。
1879年|塞扎尔·弗兰克|巴黎|1879年，欧内斯特·肖松决心从事音乐创作，入巴黎国立高等音乐舞蹈学院师从塞扎尔·弗兰克和儒勒·马斯内。
1879年|儒勒·马斯内|巴黎|1879年，欧内斯特·肖松决心从事音乐创作，入巴黎国立高等音乐舞蹈学院师从塞扎尔·弗兰克和儒勒·马斯内。
1899年6月10日|欧内斯特·肖松|利迈|1899年6月10日，欧内斯特·肖松在利迈逝世。
1916年|欧内斯特·布洛赫|美国|1916年，欧内斯特·布洛赫到美国。
1930年|欧内斯特·布洛赫|欧洲|1930年，欧内斯特·布洛赫回欧洲居住。
1938年|欧内斯特·布洛赫|美国|1938年，欧内斯特·布洛赫返回美国，定居于波特兰。
1938年|欧内斯特·布洛赫|波特兰|1938年，欧内斯特·布洛赫返回美国，定居于波特兰。
1959年7月15日|欧内斯特·布洛赫|俄勒冈州|1959年7月15日，欧内斯特·布洛赫在俄勒冈州波特兰逝世。
1959年7月15日|欧内斯特·布洛赫|波特兰|1959年7月15日，欧内斯特·布洛赫在俄勒冈州波特兰逝世。
1851年3月27日|樊尚·丹第|巴黎|1851年3月27日，樊尚·丹第在巴黎出生。
1931年|樊尚·丹第|巴黎|1931年，樊尚·丹第在巴黎去世。
1931年12月2日|樊尚·丹第|巴黎|1931年12月2日，樊尚·丹第在巴黎逝世。
1681年3月14日|格奥尔格·菲利普·泰勒曼|马格德堡|1681年3月14日，格奥尔格·菲利普·泰勒曼在马格德堡出生。
1712年3月18日|格奥尔格·菲利普·泰勒曼|法兰克福|于1712年3月18日搬到美因河畔法兰克福，当时格奥尔格·菲利普·泰勒曼刚满31岁。
1740年-1750年|格奥尔格·菲利普·泰勒曼|汉堡|1740年-1750年间，格奥尔格·菲利普·泰勒曼的创作力有减退的迹象，这可能是因为格奥尔格·菲利普·泰勒曼正在准备撰写出版音乐理论丛书，或者迷上了当时在汉堡风行的一种异国风情花草栽种的缘故。
1767年6月25日|格奥尔格·菲利普·泰勒曼|汉堡|1767年6月25日，格奥尔格·菲利普·泰勒曼在汉堡逝世。
1852年9月30日|查尔斯·维利尔斯·斯坦福|都柏林|1852年9月30日，查尔斯·维利尔斯·斯坦福在都柏林出生。
1862年|查尔斯·维利尔斯·斯坦福|伦敦|1862年，查尔斯·维利尔斯·斯坦福到伦敦学习，后来进入剑桥大学。
1874年|查尔斯·维利尔斯·斯坦福|德国|1874年，查尔斯·维利尔斯·斯坦福到德国从卡尔·赖内克深造，回国后担任指挥。
1874年|卡尔·赖内克|德国|1874年，查尔斯·维利尔斯·斯坦福到德国从卡尔·赖内克深造，回国后担任指挥。
1924年3月29日|查尔斯·维利尔斯·斯坦福|伦敦|1924年3月29日，查尔斯·维利尔斯·斯坦福在伦敦逝世。
1811年10月22日|李斯特·费伦茨|奥地利|1811年10月22日，李斯特·费伦茨在奥地利莱丁出生。
1811年10月22日|李斯特·费伦茨|莱丁|1811年10月22日，李斯特·费伦茨在奥地利莱丁出生。
1823年|李斯特·费伦茨|巴黎|1823年全家迁居巴黎，1824年，李斯特·费伦茨在巴黎首次公演获得成功。
1824年|李斯特·费伦茨|巴黎|1823年全家迁居巴黎，1824年，李斯特·费伦茨在巴黎首次公演获得成功。
1835年|李斯特·费伦茨|日内瓦|1835年，李斯特·费伦茨和达尔古特伯爵夫人到日内瓦同居。
1848年|李斯特·费伦茨|俄罗斯|1848年，李斯特·费伦茨又和俄罗斯亲王王妃莎茵-维特根斯坦同居，并成为贵族，改名为弗兰兹·冯·李斯特。
1861年|李斯特·费伦茨|罗马|1861年，李斯特·费伦茨赴罗马。
1865年|李斯特·费伦茨|德国|为了不和王妃结婚，1865年李斯特自霍恩洛厄枢机手下接受了剃发礼出家成为天主教神职人员，之后逐渐升等到了辅祭品，但仍然身着神父的黑袍在德国、奥地利、匈牙利和意大利各处奔走授课，并分文不取，扶助了许多年，李斯特·费伦茨轻音乐家，如爱德华·格里格、阿希尔·克洛德·德彪西、鲍罗廷等，为普及音乐作出了相当大的贡献。
1865年|爱德华·格里格|德国|为了不和王妃结婚，1865年李斯特自霍恩洛厄枢机手下接受了剃发礼出家成为天主教神职人员，之后逐渐升等到了辅祭品，但仍然身着神父的黑袍在德国、奥地利、匈牙利和意大利各处奔走授课，并分文不取，扶助了许多年，李斯特·费伦茨轻音乐家，如爱德华·格里格、阿希尔·克洛德·德彪西、鲍罗廷等，为普及音乐作出了相当大的贡献。
1865年|阿希尔·克洛德·德彪西|德国|为了不和王妃结婚，1865年李斯特自霍恩洛厄枢机手下接受了剃发礼出家成为天主教神职人员，之后逐渐升等到了辅祭品，但仍然身着神父的黑袍在德国、奥地利、匈牙利和意大利各处奔走授课，并分文不取，扶助了许多年，李斯特·费伦茨轻音乐家，如爱德华·格里格、阿希尔·克洛德·德彪西、鲍罗廷等，为普及音乐作出了相当大的贡献。
1865年|鲍罗廷|德国|为了不和王妃结婚，1865年李斯特自霍恩洛厄枢机手下接受了剃发礼出家成为天主教神职人员，之后逐渐升等到了辅祭品，但仍然身着神父的黑袍在德国、奥地利、匈牙利和意大利各处奔走授课，并分文不取，扶助了许多年，李斯特·费伦茨轻音乐家，如爱德华·格里格、阿希尔·克洛德·德彪西、鲍罗廷等，为普及音乐作出了相当大的贡献。
1886年7月31日|李斯特·费伦茨|德国|1886年7月31日，李斯特·费伦茨在德国巴伐利亚逝世。
1886年7月31日|李斯特·费伦茨|巴伐利亚|1886年7月31日，李斯特·费伦茨在德国巴伐利亚逝世。
1813年10月10日|朱塞佩·威尔第|帕尔马公国|1813年10月10日，朱塞佩·威尔第在帕尔马公国布塞托出生。
1813年10月10日|朱塞佩·威尔第|布塞托|1813年10月10日，朱塞佩·威尔第在帕尔马公国布塞托出生。
1833年|朱塞佩·威尔第|米兰|朱塞佩·威尔第在1833年时前往米兰深造。
1859年8月|朱塞佩·威尔第|日内瓦|朱塞佩·威尔第与朱塞佩娜在1859年8月在日内瓦结婚。
1874年|朱塞佩·威尔第|米兰|朱塞佩·威尔第将安魂曲献给著名小说家和诗人亚历山达罗·孟佐尼，并于1874年首演于米兰。
1901年1月21日|朱塞佩·威尔第|米兰|1901年1月21日，在米兰大旅店居住期间，朱塞佩·威尔第患上中风。
1901年1月27日|朱塞佩·威尔第|意大利|1901年1月27日，朱塞佩·威尔第在意大利米兰逝世。
1901年1月27日|朱塞佩·威尔第|米兰|1901年1月27日，朱塞佩·威尔第在意大利米兰逝世。
1692年4月8日|朱塞佩·塔替尼|皮兰|1692年4月8日，朱塞佩·塔替尼在皮兰出生。
1770年2月26日|朱塞佩·塔替尼|帕多瓦|1770年2月26日，朱塞佩·塔替尼在帕多瓦逝世。
1854年9月1日|恩格尔贝特·洪佩尔丁克|普鲁士|1854年9月1日，恩格尔贝特·洪佩尔丁克在普鲁士莱因省西格堡出生。
1854年9月1日|恩格尔贝特·洪佩尔丁克|莱因省|1854年9月1日，恩格尔贝特·洪佩尔丁克在普鲁士莱因省西格堡出生。
1854年9月1日|恩格尔贝特·洪佩尔丁克|西格堡|1854年9月1日，恩格尔贝特·洪佩尔丁克在普鲁士莱因省西格堡出生。
1872年|恩格尔贝特·洪佩尔丁克|科隆|在帕德博恩的中学Theodorianum通过毕业高考后，恩格尔贝特·洪佩尔丁克从1872年起在科隆的音乐学系学习音乐。
1876年|恩格尔贝特·洪佩尔丁克|慕尼黑|但后来恩格尔贝特·洪佩尔丁克与领导层闹翻，并且弃职去了慕尼黑，在那里他从1876年其继续深造。
1884年|恩格尔贝特·洪佩尔丁克|科隆|1884年弗朗兹·维尔纳提供让恩格尔贝特·洪佩尔丁克在科隆音乐与舞蹈学院执教的机会。
1885年|恩格尔贝特·洪佩尔丁克|巴塞罗那|1885年，恩格尔贝特·洪佩尔丁克在巴塞罗那音乐学院当作曲教师。
1890年|恩格尔贝特·洪佩尔丁克|法兰克福|1890年，恩格尔贝特·洪佩尔丁克到法兰克福高氏音乐学院任教，同时也是法兰克福报的歌剧专题报告人。
1893年12月23日|恩格尔贝特·洪佩尔丁克|魏玛|恩格尔贝特·洪佩尔丁克1893年12月23日在魏玛首演的歌剧汉泽尔与格蕾太尔获得世界性成功，并且使得作曲家获得经济上的独立。
1900年-1920年|恩格尔贝特·洪佩尔丁克|柏林|1900年-1920年，恩格尔贝特·洪佩尔丁克是柏林艺术学院作曲大师班领导，也是柏林斯坦音乐学院教授。
1921年9月27日|恩格尔贝特·洪佩尔丁克|德国|1921年9月27日，恩格尔贝特·洪佩尔丁克在德国梅克伦堡诺伊斯特雷利茨逝世。
1921年9月27日|恩格尔贝特·洪佩尔丁克|梅克伦堡|1921年9月27日，恩格尔贝特·洪佩尔丁克在德国梅克伦堡诺伊斯特雷利茨逝世。
1921年9月27日|恩格尔贝特·洪佩尔丁克|诺伊斯特雷利茨|1921年9月27日，恩格尔贝特·洪佩尔丁克在德国梅克伦堡诺伊斯特雷利茨逝世。
1840年5月7日|彼得·伊里奇·柴可夫斯基|俄罗斯|1840年5月7日，彼得·伊里奇·柴可夫斯基在俄罗斯维亚特卡省沃特金斯克出生。
1840年5月7日|彼得·伊里奇·柴可夫斯基|维亚特卡省|1840年5月7日，彼得·伊里奇·柴可夫斯基在俄罗斯维亚特卡省沃特金斯克出生。
1840年5月7日|彼得·伊里奇·柴可夫斯基|沃特金斯克|1840年5月7日，彼得·伊里奇·柴可夫斯基在俄罗斯维亚特卡省沃特金斯克出生。
1891年|彼得·伊里奇·柴可夫斯基|美国|1891年，彼得·伊里奇·柴可夫斯基受邀至美国指挥自己的作品。
1893年11月6日|彼得·伊里奇·柴可夫斯基|俄罗斯|1893年11月6日，彼得·伊里奇·柴可夫斯基在俄罗斯圣彼得堡逝世。
1893年11月6日|彼得·伊里奇·柴可夫斯基|圣彼得堡|1893年11月6日，彼得·伊里奇·柴可夫斯基在俄罗斯圣彼得堡逝世。
1810年3月1日|弗雷德里克·肖邦|华沙|1810年3月1日，弗雷德里克·肖邦在华沙热拉佐瓦沃拉出生。
1810年3月1日|弗雷德里克·肖邦|热拉佐瓦沃拉|1810年3月1日，弗雷德里克·肖邦在华沙热拉佐瓦沃拉出生。
1834年|弗雷德里克·肖邦|亚琛|1834年，弗雷德里克·肖邦和费迪南·希勒共同访问了在亚琛举行的的莱茵河畔音乐节，弗雷德里克·肖邦、希勒还有费利克斯·门德尔松·巴托尔迪三人在此次音乐节中碰面并一起去了杜塞尔多夫、科布伦兹和科隆，他们三人彼此欣赏对方的音乐才华，并互相学习和切磋了音乐技艺。
1834年|弗雷德里克·肖邦|杜塞尔多夫|1834年，弗雷德里克·肖邦和费迪南·希勒共同访问了在亚琛举行的的莱茵河畔音乐节，弗雷德里克·肖邦、希勒还有费利克斯·门德尔松·巴托尔迪三人在此次音乐节中碰面并一起去了杜塞尔多夫、科布伦兹和科隆，他们三人彼此欣赏对方的音乐才华，并互相学习和切磋了音乐技艺。
1834年|费迪南·希勒|亚琛|1834年，弗雷德里克·肖邦和费迪南·希勒共同访问了在亚琛举行的的莱茵河畔音乐节，弗雷德里克·肖邦、希勒还有费利克斯·门德尔松·巴托尔迪三人在此次音乐节中碰面并一起去了杜塞尔多夫、科布伦兹和科隆，他们三人彼此欣赏对方的音乐才华，并互相学习和切磋了音乐技艺。
1834年|费迪南·希勒|杜塞尔多夫|1834年，弗雷德里克·肖邦和费迪南·希勒共同访问了在亚琛举行的的莱茵河畔音乐节，弗雷德里克·肖邦、希勒还有费利克斯·门德尔松·巴托尔迪三人在此次音乐节中碰面并一起去了杜塞尔多夫、科布伦兹和科隆，他们三人彼此欣赏对方的音乐才华，并互相学习和切磋了音乐技艺。
1834年|费利克斯·门德尔松·巴托尔迪|亚琛|1834年，弗雷德里克·肖邦和费迪南·希勒共同访问了在亚琛举行的的莱茵河畔音乐节，弗雷德里克·肖邦、希勒还有费利克斯·门德尔松·巴托尔迪三人在此次音乐节中碰面并一起去了杜塞尔多夫、科布伦兹和科隆，他们三人彼此欣赏对方的音乐才华，并互相学习和切磋了音乐技艺。
1834年|费利克斯·门德尔松·巴托尔迪|杜塞尔多夫|1834年，弗雷德里克·肖邦和费迪南·希勒共同访问了在亚琛举行的的莱茵河畔音乐节，弗雷德里克·肖邦、希勒还有费利克斯·门德尔松·巴托尔迪三人在此次音乐节中碰面并一起去了杜塞尔多夫、科布伦兹和科隆，他们三人彼此欣赏对方的音乐才华，并互相学习和切磋了音乐技艺。
1849年10月17日|弗雷德里克·肖邦|法国|1849年10月17日，弗雷德里克·肖邦在法国巴黎逝世。
1849年10月17日|弗雷德里克·肖邦|巴黎|1849年10月17日，弗雷德里克·肖邦在法国巴黎逝世。
1862年1月29日|弗雷德里克·戴留斯|布拉德福德|1862年1月29日，弗雷德里克·戴留斯在布拉德福德出生。
1886年|弗雷德里克·戴留斯|莱比锡|1886年，弗雷德里克·戴留斯入莱比锡门德尔松音乐戏剧学院，并结识爱德华·格里格。
1886年|爱德华·格里格|莱比锡|1886年，弗雷德里克·戴留斯入莱比锡门德尔松音乐戏剧学院，并结识爱德华·格里格。
1887年|弗雷德里克·戴留斯|巴黎|1887年，弗雷德里克·戴留斯到巴黎居住并与莫里斯·拉威尔等人交往。
1887年|莫里斯·拉威尔|巴黎|1887年，弗雷德里克·戴留斯到巴黎居住并与莫里斯·拉威尔等人交往。
1897年|弗雷德里克·戴留斯|枫丹白露|1897年，弗雷德里克·戴留斯结婚后，定居在枫丹白露附近的格雷兹絮洛安，专心从事创作。
1897年|弗雷德里克·戴留斯|格雷兹絮洛安|1897年，弗雷德里克·戴留斯结婚后，定居在枫丹白露附近的格雷兹絮洛安，专心从事创作。
1918年-1922年|弗雷德里克·戴留斯|英国|1918年-1922年，弗雷德里克·戴留斯曾短暂返回英国，后由于健康原因返回法国。
1918年-1922年|弗雷德里克·戴留斯|法国|1918年-1922年，弗雷德里克·戴留斯曾短暂返回英国，后由于健康原因返回法国。
1934年6月10日|弗雷德里克·戴留斯|格雷兹|1934年6月10日，弗雷德里克·戴留斯在格雷兹逝世。
1875年2月2日|弗里茨·克莱斯勒|奥匈帝国|1875年2月2日，弗里茨·克莱斯勒在奥匈帝国奥地利维也纳出生。
1875年2月2日|弗里茨·克莱斯勒|奥地利|1875年2月2日，弗里茨·克莱斯勒在奥匈帝国奥地利维也纳出生。
1875年2月2日|弗里茨·克莱斯勒|维也纳|1875年2月2日，弗里茨·克莱斯勒在奥匈帝国奥地利维也纳出生。
1882年|弗里茨·克莱斯勒|维也纳|1882年，弗里茨·克莱斯勒进入维也纳音乐与表演艺术大学师从约瑟夫·黑尔梅斯伯格学习小提琴，并跟随安东·布鲁克纳学习乐理；这是维也纳音乐学院第一次破例招收10岁以下的学生。
1882年|安东·布鲁克纳|维也纳|1882年，弗里茨·克莱斯勒进入维也纳音乐与表演艺术大学师从约瑟夫·黑尔梅斯伯格学习小提琴，并跟随安东·布鲁克纳学习乐理；这是维也纳音乐学院第一次破例招收10岁以下的学生。
1884年|弗里茨·克莱斯勒|维也纳|1884年，弗里茨·克莱斯勒赢得维也纳音乐学院大赛金奖，奖品是一把四分之三的Amati。
1885年-1887年|弗里茨·克莱斯勒|巴黎|1885年-1887年，弗里茨·克莱斯勒获得一笔奖学金，在巴黎国立高等音乐舞蹈学院学习，导师包括在巴黎音乐学院执教五十余年的约瑟夫·马萨，莱奥·德利布和儒勒·马斯内等。
1885年-1887年|莱奥·德利布|巴黎|1885年-1887年，弗里茨·克莱斯勒获得一笔奖学金，在巴黎国立高等音乐舞蹈学院学习，导师包括在巴黎音乐学院执教五十余年的约瑟夫·马萨，莱奥·德利布和儒勒·马斯内等。
1885年-1887年|儒勒·马斯内|巴黎|1885年-1887年，弗里茨·克莱斯勒获得一笔奖学金，在巴黎国立高等音乐舞蹈学院学习，导师包括在巴黎音乐学院执教五十余年的约瑟夫·马萨，莱奥·德利布和儒勒·马斯内等。
1887年|弗里茨·克莱斯勒|巴黎|1887年，巴黎音乐学院举行音乐大赛，其弗里茨·克莱斯勒参赛者个个比他年长十余岁，由于他的镇静和出色演奏，人们知道弗里茨·克莱斯勒必定入围，但结果出人意外，在巴黎国立高等音乐舞蹈学院毕业赛一等奖的五位获一等奖的小提琴手名单中，弗里茨·克莱斯勒名列前茅，特被授予“一等的一等奖”；这在巴黎音乐学院是史无前例的。
1888年|弗里茨·克莱斯勒|美国|1888年钢琴家莫利茨·罗森塔尔邀请弗里茨·克莱斯勒到美国同台演出50场，每场50美元，并答应母亲同行。
1888年11月|弗里茨·克莱斯勒|波士顿|1888年11月，弗里茨·克莱斯勒首次在波士顿登台演出，演奏门德尔松小提琴协奏曲；演奏中小提琴的E弦断了，弗里茨·克莱斯勒在A弦的高位继续演奏。
1889年3月1日|弗里茨·克莱斯勒|芝加哥|1889年3月1日，弗里茨·克莱斯勒在芝加哥开始演出。
1898年1月23日|弗里茨·克莱斯勒|维也纳|1898年1月23日，弗里茨·克莱斯勒回到奥地利，在维也纳爱乐团伴奏下，首次在家乡登台演出，他出色地演奏了布鲁赫的第二号小提琴协奏曲，赢得多次喝彩。
1898年1月23日|弗里茨·克莱斯勒|奥地利|1898年1月23日，弗里茨·克莱斯勒回到奥地利，在维也纳爱乐团伴奏下，首次在家乡登台演出，他出色地演奏了布鲁赫的第二号小提琴协奏曲，赢得多次喝彩。
1899年12月1日|欧仁·伊萨伊|柏林|1899年12月1日，弗里茨·克莱斯勒在柏林与尼基施·阿图尔指挥的柏林爱乐乐团合作举办了一张音乐会，当晚，有小提琴无冕王之称的欧仁·伊萨伊在座。
1899年12月1日|弗里茨·克莱斯勒|柏林|1899年12月1日，弗里茨·克莱斯勒在柏林与尼基施·阿图尔指挥的柏林爱乐乐团合作举办了一张音乐会，当晚，有小提琴无冕王之称的欧仁·伊萨伊在座。
1900年-1902年|弗里茨·克莱斯勒|美国|1900年-1902年，Wolff&Sach为弗里茨·克莱斯勒安排了法国、意大利、德国、奥地利、西班牙、英国、美国以及斯堪的纳维亚诸国的音乐会演出。
1900年-1902年|弗里茨·克莱斯勒|法国|1900年-1902年，Wolff&Sach为弗里茨·克莱斯勒安排了法国、意大利、德国、奥地利、西班牙、英国、美国以及斯堪的纳维亚诸国的音乐会演出。
1900年-1902年|弗里茨·克莱斯勒|意大利|1900年-1902年，Wolff&Sach为弗里茨·克莱斯勒安排了法国、意大利、德国、奥地利、西班牙、英国、美国以及斯堪的纳维亚诸国的音乐会演出。
1900年-1902年|弗里茨·克莱斯勒|德国|1900年-1902年，Wolff&Sach为弗里茨·克莱斯勒安排了法国、意大利、德国、奥地利、西班牙、英国、美国以及斯堪的纳维亚诸国的音乐会演出。
1900年-1902年|弗里茨·克莱斯勒|奥地利|1900年-1902年，Wolff&Sach为弗里茨·克莱斯勒安排了法国、意大利、德国、奥地利、西班牙、英国、美国以及斯堪的纳维亚诸国的音乐会演出。
1900年-1902年|弗里茨·克莱斯勒|西班牙|1900年-1902年，Wolff&Sach为弗里茨·克莱斯勒安排了法国、意大利、德国、奥地利、西班牙、英国、美国以及斯堪的纳维亚诸国的音乐会演出。
1900年-1902年|弗里茨·克莱斯勒|英国|1900年-1902年，Wolff&Sach为弗里茨·克莱斯勒安排了法国、意大利、德国、奥地利、西班牙、英国、美国以及斯堪的纳维亚诸国的音乐会演出。
1900年-1902年|弗里茨·克莱斯勒|斯堪的纳维亚|1900年-1902年，Wolff&Sach为弗里茨·克莱斯勒安排了法国、意大利、德国、奥地利、西班牙、英国、美国以及斯堪的纳维亚诸国的音乐会演出。
1901年5月|弗里茨·克莱斯勒|爱河|1901年5月，弗里茨·克莱斯勒搭俾斯麦王子号游轮返回，在船上遇到一位美丽的红发女郎哈瑞特·沃茨小姐，两人堕入爱河。
1902年9月|弗里茨·克莱斯勒|纽约|1902年9月，弗里茨·克莱斯勒与哈瑞特在纽约成婚。
1923年4月23日|弗里茨·克莱斯勒|上海|1923年4月23日，弗里茨·克莱斯勒夫妇乘Str.Shanghai Maru号轮船抵达上海，钢琴伴奏Michael Raucheisen同行。
1924年|弗里茨·克莱斯勒|柏林|1924年，弗里茨·克莱斯勒回到柏林。
1929年6月19日|弗里茨·克莱斯勒|格拉斯哥|1929年6月19日，弗里茨·克莱斯勒荣获格拉斯哥大学名誉法学博士学位。
1931年1月27日|弗里茨·克莱斯勒|伊|1931年1月27日，伊萨伊因糖尿病截去一条腿，最后一场演出不能登台，弗里茨·克莱斯勒立即救场，为老友登台演奏贝多芬小提琴协奏曲。
1938年|弗里茨·克莱斯勒|巴黎|1938年，弗里茨·克莱斯勒迁往巴黎。
1941年4月27日|弗里茨·克莱斯勒|纽约|1941年4月27日，弗里茨·克莱斯勒在纽约遭遇车祸，头骨破裂。
1943年|弗里茨·克莱斯勒|美国|1943年，弗里茨·克莱斯勒移民美国，并入美国国籍。
1962年1月29日|弗里茨·克莱斯勒|美国|1962年1月29日，弗里茨·克莱斯勒在美国纽约逝世。
1962年1月29日|弗里茨·克莱斯勒|纽约|1962年1月29日，弗里茨·克莱斯勒在美国纽约逝世。
1852年11月21日|弗朗西斯科·塔雷加|西班牙|1852年11月21日，弗朗西斯科·塔雷加在西班牙维拉利尔出生。
1852年11月21日|弗朗西斯科·塔雷加|维拉利尔|1852年11月21日，弗朗西斯科·塔雷加在西班牙维拉利尔出生。
1862年|弗朗西斯科·塔雷加|巴塞罗那|Julián Arcas听说了弗朗西斯科·塔雷加非凡的音乐天赋，于1862年带领弗朗西斯科·塔雷加前往巴塞罗那学习。
1865年|弗朗西斯科·塔雷加|巴伦西亚|1865年，弗朗西斯科·塔雷加带着一把吉他只身前往巴伦西亚过着流浪自由的生活，后因国家动荡而参军。
1874年|弗朗西斯科·塔雷加|西班牙|1874年，弗朗西斯科·塔雷加获得富商Antonio Canesa的资助得以进入西班牙马德里音乐学院进行深造，虽然弗朗西斯科·塔雷加主修的是钢琴，但最后还是选择了吉他伴随他一生。
1874年|弗朗西斯科·塔雷加|马德里|1874年，弗朗西斯科·塔雷加获得富商Antonio Canesa的资助得以进入西班牙马德里音乐学院进行深造，虽然弗朗西斯科·塔雷加主修的是钢琴，但最后还是选择了吉他伴随他一生。
1877年|弗朗西斯科·塔雷加|马德里|1877年，弗朗西斯科·塔雷加在马德里的阿尔汗布拉剧场举行了一场吉他独奏音乐会，获得了巨大的成功。
1885年|弗朗西斯科·塔雷加|巴塞罗那|1885年，弗朗西斯科·塔雷加定居巴塞罗那，致力于吉他创作。
1909年12月15日|弗朗西斯科·塔雷加|西班牙|1909年12月15日，弗朗西斯科·塔雷加在西班牙巴塞罗那逝世。
1909年12月15日|弗朗西斯科·塔雷加|巴塞罗那|1909年12月15日，弗朗西斯科·塔雷加在西班牙巴塞罗那逝世。
1668年|弗朗索瓦·库普兰|巴黎|弗朗索瓦·库普兰1668年生于巴黎，父亲是在巴黎圣-热尔韦教堂担任管风琴师的夏尔·库普兰。
1668年11月10日|弗朗索瓦·库普兰|巴黎|1668年11月10日，弗朗索瓦·库普兰在巴黎出生。
1733年|弗朗索瓦·库普兰|巴黎|1733年，弗朗索瓦·库普兰将巴黎圣-热尔韦教堂管风琴师的职位传给侄子尼古拉。
1733年9月12日|弗朗索瓦·库普兰|巴黎|1733年9月12日，弗朗索瓦·库普兰在巴黎逝世。
1878年3月23日|弗朗兹·施雷克尔|摩纳哥|1878年3月23日，弗朗兹·施雷克尔在摩纳哥出生。
1892年|弗朗兹·施雷克尔|维也纳|1892年，弗朗兹·施雷克尔入维也纳音乐与表演艺术大学学习。
1907年|弗朗兹·施雷克尔|维也纳|1907年，弗朗兹·施雷克尔建立维也纳爱乐合唱团。
1920年-1932年|弗朗兹·施雷克尔|柏林|1920年-1932年，弗朗兹·施雷克尔任柏林高等音乐学校校长。
1934年5月21日|弗朗兹·施雷克尔|柏林|1934年5月21日，弗朗兹·施雷克尔在柏林逝世。
1874年12月22日|弗朗兹·施密特|布拉迪斯拉发|1874年12月22日，弗朗兹·施密特在布拉迪斯拉发出生。
1914年|弗朗兹·施密特|维也纳|1914年，弗朗兹·施密特入维也纳音乐学院任教。
1939年2月11日|弗朗兹·施密特|佩希托尔茨多夫|1939年2月11日，弗朗兹·施密特在佩希托尔茨多夫逝世。
1791年7月26日|弗朗兹·克萨韦尔·沃尔夫冈·莫扎特|维也纳|1791年7月26日，弗朗兹·克萨韦尔·沃尔夫冈·莫扎特在维也纳出生。
1844年7月29日|弗朗兹·克萨韦尔·沃尔夫冈·莫扎特|卡罗维发利|1844年7月29日，弗朗兹·克萨韦尔·沃尔夫冈·莫扎特在卡罗维发利逝世。
1819年4月18日|弗兰兹·冯·苏佩|斯普利特|1819年4月18日，弗兰兹·冯·苏佩在斯普利特出生。
1895年5月21日|弗兰兹·冯·苏佩|维也纳|1895年5月21日，弗兰兹·冯·苏佩在维也纳逝世。
1882年7月8日|帕西·葛人杰|澳大利亚|1882年7月8日，帕西·葛人杰在澳大利亚墨尔本出生。
1882年7月8日|帕西·葛人杰|墨尔本|1882年7月8日，帕西·葛人杰在澳大利亚墨尔本出生。
1895年5月|帕西·葛人杰|德国|1895年5月，帕西·葛人杰随着母亲萝丝到德国法兰克福学习钢琴及作曲。
1895年5月|帕西·葛人杰|法兰克福|1895年5月，帕西·葛人杰随着母亲萝丝到德国法兰克福学习钢琴及作曲。
1901年|帕西·葛人杰|英国|1901年，帕西·葛人杰随母亲前往英国伦敦，此时的帕西·葛人杰开始展现作曲技巧。
1907年|帕西·葛人杰|挪威|1907年，帕西·葛人杰在挪威拜访了爱德华·格里格，爱德华·格里格使用民谣的手法影响了帕西·葛人杰，使帕西·葛人杰也开始收集、创作改编大量英国民谣。
1907年|爱德华·格里格|挪威|1907年，帕西·葛人杰在挪威拜访了爱德华·格里格，爱德华·格里格使用民谣的手法影响了帕西·葛人杰，使帕西·葛人杰也开始收集、创作改编大量英国民谣。
1961年2月20日|帕西·葛人杰|美国|1961年2月20日，帕西·葛人杰在美国纽约逝世。
1961年2月20日|帕西·葛人杰|纽约|1961年2月20日，帕西·葛人杰在美国纽约逝世。
1649年1月22日|帕斯科·科拉斯|里姆斯|1649年1月22日，帕斯科·科拉斯在里姆斯出生。
1709年7月17日|帕斯科·科拉斯|凡尔赛|1709年7月17日，帕斯科·科拉斯在凡尔赛逝世。
1844年3月10日|帕布罗·德·萨拉萨蒂|西班牙|1844年3月10日，帕布罗·德·萨拉萨蒂在西班牙纳瓦拉潘普洛纳出生。
1844年3月10日|帕布罗·德·萨拉萨蒂|纳瓦拉|1844年3月10日，帕布罗·德·萨拉萨蒂在西班牙纳瓦拉潘普洛纳出生。
1844年3月10日|帕布罗·德·萨拉萨蒂|潘普洛纳|1844年3月10日，帕布罗·德·萨拉萨蒂在西班牙纳瓦拉潘普洛纳出生。
1856年|帕布罗·德·萨拉萨蒂|巴黎|1856年，帕布罗·德·萨拉萨蒂赴巴黎国立高等音乐舞蹈学院从师著名小提琴家让·德尔菲·阿拉尔。
1908年9月20日|帕布罗·德·萨拉萨蒂|法国|1908年9月20日，帕布罗·德·萨拉萨蒂在法国比利牛斯-大西洋省比亚里茨逝世。
1908年9月20日|帕布罗·德·萨拉萨蒂|比利牛斯-大西洋省|1908年9月20日，帕布罗·德·萨拉萨蒂在法国比利牛斯-大西洋省比亚里茨逝世。
1908年9月20日|帕布罗·德·萨拉萨蒂|比亚里茨|1908年9月20日，帕布罗·德·萨拉萨蒂在法国比利牛斯-大西洋省比亚里茨逝世。
1881年3月25日|巴托克·贝拉|罗马尼亚|1881年3月25日，巴托克·贝拉在罗马尼亚纳吉圣米克洛斯出生。
1881年3月25日|巴托克·贝拉|纳吉圣米克洛斯|1881年3月25日，巴托克·贝拉在罗马尼亚纳吉圣米克洛斯出生。
1945年9月26日|巴托克·贝拉|美国|1945年9月26日，巴托克·贝拉在美国纽约逝世。
1945年9月26日|巴托克·贝拉|纽约|1945年9月26日，巴托克·贝拉在美国纽约逝世。
1782年10月27日|尼可罗·帕格尼尼|热那亚|1782年10月27日，尼可罗·帕格尼尼在热那亚出生。
1805年|尼可罗·帕格尼尼|米兰|在尼可罗·帕格尼尼1805年的时候，他又重新出现在乐坛，当他不再旅游时，他成为了PRINCESS LUCCA的朝廷乐队总监，他在米兰、维也纳、伦敦和巴黎首演以后，他高超的小提琴技巧在人们之间广为流传，尼可罗·帕格尼尼是世界上第一个不须别人资助而可以到世界各地巡回表演的音乐家，而且他还非常聪明。
1805年|尼可罗·帕格尼尼|维也纳|在尼可罗·帕格尼尼1805年的时候，他又重新出现在乐坛，当他不再旅游时，他成为了PRINCESS LUCCA的朝廷乐队总监，他在米兰、维也纳、伦敦和巴黎首演以后，他高超的小提琴技巧在人们之间广为流传，尼可罗·帕格尼尼是世界上第一个不须别人资助而可以到世界各地巡回表演的音乐家，而且他还非常聪明。
1805年|尼可罗·帕格尼尼|伦敦|在尼可罗·帕格尼尼1805年的时候，他又重新出现在乐坛，当他不再旅游时，他成为了PRINCESS LUCCA的朝廷乐队总监，他在米兰、维也纳、伦敦和巴黎首演以后，他高超的小提琴技巧在人们之间广为流传，尼可罗·帕格尼尼是世界上第一个不须别人资助而可以到世界各地巡回表演的音乐家，而且他还非常聪明。
1805年|尼可罗·帕格尼尼|巴黎|在尼可罗·帕格尼尼1805年的时候，他又重新出现在乐坛，当他不再旅游时，他成为了PRINCESS LUCCA的朝廷乐队总监，他在米兰、维也纳、伦敦和巴黎首演以后，他高超的小提琴技巧在人们之间广为流传，尼可罗·帕格尼尼是世界上第一个不须别人资助而可以到世界各地巡回表演的音乐家，而且他还非常聪明。
1833年|尼可罗·帕格尼尼|巴黎|尼可罗·帕格尼尼在1833年的巴黎受埃克托·柏辽兹——一位曾经帮尼可罗·帕格尼尼谱过一首叫哈罗尔德在意大利的曲子的乐家——演出一场中提琴协奏曲。
1833年|埃克托·柏辽兹|巴黎|尼可罗·帕格尼尼在1833年的巴黎受埃克托·柏辽兹——一位曾经帮尼可罗·帕格尼尼谱过一首叫哈罗尔德在意大利的曲子的乐家——演出一场中提琴协奏曲。
1840年5月27日|尼可罗·帕格尼尼|尼斯|1840年5月27日，尼可罗·帕格尼尼在尼斯逝世。
1881年4月20日|尼古拉·雅科夫列维奇·米亚斯科夫斯基|华沙|1881年4月20日，尼古拉·雅科夫列维奇·米亚斯科夫斯基在华沙出生。
1902年|尼古拉·雅科夫列维奇·米亚斯科夫斯基|莫斯科|1902年，尼古拉·雅科夫列维奇·米亚斯科夫斯基从军校毕业后，一方面在莫斯科军营中担任工程师，同时间利用私人时间跟作曲家莱因霍尔德·莫里采维奇·格里埃尔学习。
1902年|莱因霍尔德·莫里采维奇·格里埃尔|莫斯科|1902年，尼古拉·雅科夫列维奇·米亚斯科夫斯基从军校毕业后，一方面在莫斯科军营中担任工程师，同时间利用私人时间跟作曲家莱因霍尔德·莫里采维奇·格里埃尔学习。
1906年|尼古拉·雅科夫列维奇·米亚斯科夫斯基|圣彼得堡|1906年，尼古拉·雅科夫列维奇·米亚斯科夫斯基进入圣彼得堡音乐学院，跟随格纳祖诺夫和林姆斯基·高沙可夫学习作曲，同时亦结识了谢尔盖·谢尔盖耶维奇·普罗科菲耶夫，二人成为终身好友。
1906年|谢尔盖·谢尔盖耶维奇·普罗科菲耶夫|圣彼得堡|1906年，尼古拉·雅科夫列维奇·米亚斯科夫斯基进入圣彼得堡音乐学院，跟随格纳祖诺夫和林姆斯基·高沙可夫学习作曲，同时亦结识了谢尔盖·谢尔盖耶维奇·普罗科菲耶夫，二人成为终身好友。
1921年|尼古拉·雅科夫列维奇·米亚斯科夫斯基|莫斯科|1921年，尼古拉·雅科夫列维奇·米亚斯科夫斯基成为莫斯科音乐学院教授，并加入作曲家联盟，并定居于莫斯科。
1950年8月8日|尼古拉·雅科夫列维奇·米亚斯科夫斯基|苏联|1950年8月8日，尼古拉·雅科夫列维奇·米亚斯科夫斯基在苏联莫斯科逝世。
1950年8月8日|尼古拉·雅科夫列维奇·米亚斯科夫斯基|莫斯科|1950年8月8日，尼古拉·雅科夫列维奇·米亚斯科夫斯基在苏联莫斯科逝世。
1844年3月18日|尼古拉·安德烈耶维奇·里姆斯基·科萨科夫|季赫温|1844年3月18日，尼古拉·安德烈耶维奇·里姆斯基·科萨科夫在季赫温出生。
1856年|尼古拉·安德烈耶维奇·里姆斯基·科萨科夫|圣彼得堡|1856年，尼古拉·安德烈耶维奇·里姆斯基·科萨科夫在圣彼得堡入海军军官候补生队，同时业余时间学习钢琴演奏、观赏歌剧及听音乐会，与巴拉基列夫等人交往，交流音乐创作感受。
1907年|尼古拉·安德烈耶维奇·里姆斯基·科萨科夫|巴黎|1907年，尼古拉·安德烈耶维奇·里姆斯基·科萨科夫曾在巴黎指挥谢尔盖·达基列夫举办的俄罗斯音乐演奏会。
1908年6月21日|尼古拉·安德烈耶维奇·里姆斯基·科萨科夫|柳本斯克|1908年6月21日，尼古拉·安德烈耶维奇·里姆斯基·科萨科夫在柳本斯克逝世。
1880年1月5日|尼古拉·卡尔洛维奇·梅特纳|莫斯科|1880年1月5日，尼古拉·卡尔洛维奇·梅特纳在莫斯科出生。
1924年|谢尔盖·瓦西里耶维奇·拉赫玛尼诺夫|北美洲|1924年，在好友谢尔盖·瓦西里耶维奇·拉赫玛尼诺夫的帮助下尼古拉·卡尔洛维奇·梅特纳获得到北美洲地区旅行演出的机会，从此旅居国外，由于他性格内向且不善经营，未能在西方建立很高声望。
1924年|尼古拉·卡尔洛维奇·梅特纳|北美洲|1924年，在好友谢尔盖·瓦西里耶维奇·拉赫玛尼诺夫的帮助下尼古拉·卡尔洛维奇·梅特纳获得到北美洲地区旅行演出的机会，从此旅居国外，由于他性格内向且不善经营，未能在西方建立很高声望。
1936年|尼古拉·卡尔洛维奇·梅特纳|英国|1936年尼古拉·卡尔洛维奇·梅特纳定居英国。
1951年11月13日|尼古拉·卡尔洛维奇·梅特纳|伦敦|1951年11月13日，尼古拉·卡尔洛维奇·梅特纳在伦敦逝世。
1855年5月9日|尤利乌斯·伦特根|莱比锡|1855年5月9日，尤利乌斯·伦特根在莱比锡出生。
1878年|尤利乌斯·伦特根|荷兰|1878年，尤利乌斯·伦特根经常访问荷兰。
1932年9月13日|尤利乌斯·伦特根|乌得勒支|1932年9月13日，尤利乌斯·伦特根在乌得勒支逝世。
1660年12月4日|安德烈·坎普拉|亚桑蒲坊|1660年12月4日，安德烈·坎普拉在亚桑蒲坊出生。
1674年|安德烈·坎普拉|艾克斯|在1674年，安德烈·坎普拉成为艾克斯的Saint-Sauveur教堂的一个唱诗班男童。
1694年-1700年|安德烈·坎普拉|图卢兹|安德烈·坎普拉在Arles和图卢兹的教堂从事音乐指导工作后，自1694年-1700年，安德烈·坎普拉成为巴黎圣母院的音乐指导。
1744年6月29日|安德烈·坎普拉|凡尔赛|1744年6月29日，安德烈·坎普拉在凡尔赛逝世。
1672年4月6日|安德烈·卡迪纳·德图什|巴黎|1672年4月6日，安德烈·卡迪纳·德图什在巴黎出生。
1749年2月7日|安德烈·卡迪纳·德图什|凡尔赛|1749年2月7日，安德烈·卡迪纳·德图什在凡尔赛逝世。
1750年8月18日|安东尼奥·萨列里|威尼斯|1750年8月18日，安东尼奥·萨列里在威尼斯莱尼亚诺出生。
1750年8月18日|安东尼奥·萨列里|莱尼亚诺|1750年8月18日，安东尼奥·萨列里在威尼斯莱尼亚诺出生。
1769年|安东尼奥·萨列里|意大利|1769年，当伽斯曼在前往意大利访问的时候，安东尼奥·萨列里创作了第一部传世的歌剧《Le donne letterate》，脚本是由年轻的诗人吉奥凡尼·波切利为伽斯曼编写的。
1825年5月7日|安东尼奥·萨列里|奥地利|1825年5月7日，安东尼奥·萨列里在奥地利维也纳逝世。
1825年5月7日|安东尼奥·萨列里|维也纳|1825年5月7日，安东尼奥·萨列里在奥地利维也纳逝世。
1678年3月4日|安东尼奥·维瓦尔第|威尼斯|1678年3月4日，安东尼奥·维瓦尔第在威尼斯出生。
1718年|安东尼奥·维瓦尔第|威尼斯|后来在威尼斯安东尼奥·维瓦尔第有了争执，安东尼奥·维瓦尔第决定1718年迁到曼托瓦，供职于地主飞利浦·冯·黑森·达姆斯塔德。
1718年|安东尼奥·维瓦尔第|曼托瓦|后来在威尼斯安东尼奥·维瓦尔第有了争执，安东尼奥·维瓦尔第决定1718年迁到曼托瓦，供职于地主飞利浦·冯·黑森·达姆斯塔德。
1729年|安东尼奥·维瓦尔第|阿姆斯特丹|1729年，安东尼奥·维瓦尔第共写有12部曲集，op.3打后都在阿姆斯特丹印制。
1741年|安东尼奥·维瓦尔第|维也纳|1741年，安东尼奥·维瓦尔第迁往维也纳，想寻求查理6世的支持。
1741年7月28日|安东尼奥·维瓦尔第|奥地利|1741年7月28日，安东尼奥·维瓦尔第在奥地利维也纳逝世。
1741年7月28日|安东尼奥·维瓦尔第|维也纳|1741年7月28日，安东尼奥·维瓦尔第在奥地利维也纳逝世。
1500年|安东宁·德沃夏克|纽约|1892年-1895年，安东宁·德沃夏克到纽约的美国国家音乐学院担任院长，年薪为当时的1500年0美元，这对安东宁·德沃夏克的财政状况来说是非常具有吸引力的。
1841年9月8日|安东宁·德沃夏克|奥地利|1841年9月8日，安东宁·德沃夏克在奥地利波希米亚布拉格出生。
1841年9月8日|安东宁·德沃夏克|波希米亚|1841年9月8日，安东宁·德沃夏克在奥地利波希米亚布拉格出生。
1841年9月8日|安东宁·德沃夏克|布拉格|1841年9月8日，安东宁·德沃夏克在奥地利波希米亚布拉格出生。
1853年|安东宁·德沃夏克|兹洛尼斯|1853年，安东宁·德沃夏克迁往兹洛尼斯学习德语。
1862年|安东宁·德沃夏克|布拉格|1862年，安东宁·德沃夏克Komzák的乐队在新开的布拉格临时剧院登台。
1884年|安东宁·德沃夏克|伦敦|1884年，安东宁·德沃夏克接受爱乐协会的邀请第一次前往伦敦。
1889年|安东宁·德沃夏克|俄罗斯|1889年，安东宁·德沃夏克应俄罗斯皇家音乐协会之邀到访莫斯科和圣彼得堡。
1889年|安东宁·德沃夏克|莫斯科|1889年，安东宁·德沃夏克应俄罗斯皇家音乐协会之邀到访莫斯科和圣彼得堡。
1889年|安东宁·德沃夏克|圣彼得堡|1889年，安东宁·德沃夏克应俄罗斯皇家音乐协会之邀到访莫斯科和圣彼得堡。
1890年10月|安东宁·德沃夏克|伦敦|在再一次的伦敦之旅后安东宁·德沃夏克回到布拉格，在那里他接受了卡尔斯大学荣誉博士头衔，1890年10月，他成为音乐学院教授。
1892年-1895年|安东宁·德沃夏克|纽约|1892年-1895年，安东宁·德沃夏克到纽约的美国国家音乐学院担任院长，年薪为当时的1500年0美元，这对安东宁·德沃夏克的财政状况来说是非常具有吸引力的。
1893年12月16日|安东宁·德沃夏克|纽约|1893年12月16日，安东宁·德沃夏克的朋友安东·塞德尔指挥纽约爱乐乐团在纽约著名的卡内基大厅首演了这部交响曲，获得热烈欢迎。
1895年4月|安东宁·德沃夏克|奥地利|1895年4月，安东宁·德沃夏克就回奥地利了，原因可能是安东宁·德沃夏克女赞助人Thurber经过一次经济危机后财政情况急剧恶化，后果是安东宁·德沃夏克被多次拖欠薪水。
1904年5月1日|安东宁·德沃夏克|波希米亚|1904年5月1日，安东宁·德沃夏克在奥匈帝国波希米亚布拉格逝世。
1904年5月1日|安东宁·德沃夏克|奥匈帝国|1904年5月1日，安东宁·德沃夏克在奥匈帝国波希米亚布拉格逝世。
1904年5月1日|安东宁·德沃夏克|布拉格|1904年5月1日，安东宁·德沃夏克在奥匈帝国波希米亚布拉格逝世。
1770年2月26日|安东·雷哈|神圣罗马帝国|1770年2月26日，安东·雷哈在神圣罗马帝国波希米亚布拉格出生。
1770年2月26日|安东·雷哈|波希米亚|1770年2月26日，安东·雷哈在神圣罗马帝国波希米亚布拉格出生。
1770年2月26日|安东·雷哈|布拉格|1770年2月26日，安东·雷哈在神圣罗马帝国波希米亚布拉格出生。
1785年|安东·雷哈|波恩|1785年，安东·雷哈全家搬到波恩，在那里安东·雷哈结识了路德维希·范·贝多芬。
1785年|路德维希·范·贝多芬|波恩|1785年，安东·雷哈全家搬到波恩，在那里安东·雷哈结识了路德维希·范·贝多芬。
1799年|安东·雷哈|巴黎|1799年，安东·雷哈移居巴黎。
1801年|安东·雷哈|维也纳|1801年，安东·雷哈到维也纳。
1836年5月28日|安东·雷哈|法国|1836年5月28日，安东·雷哈在法国巴黎逝世。
1836年5月28日|安东·雷哈|巴黎|1836年5月28日，安东·雷哈在法国巴黎逝世。
1829年11月28日|安东·格里戈里耶维奇·鲁宾斯坦|威赫瓦迪尼茨|1829年11月28日，安东·格里戈里耶维奇·鲁宾斯坦在威赫瓦迪尼茨出生。
1850年|安东·格里戈里耶维奇·鲁宾斯坦|圣彼得堡|1850年，安东·格里戈里耶维奇·鲁宾斯坦开始以钢琴家的身份巡回演出，最终定居在圣彼得堡。
1862年|安东·格里戈里耶维奇·鲁宾斯坦|俄罗斯|1862年，安东·格里戈里耶维奇·鲁宾斯坦与他弟弟尼古莱·格里戈里耶维奇·鲁宾斯坦一同创立了俄罗斯的第一间音乐学校——圣彼得堡音乐学院。
1862年|尼古莱·格里戈里耶维奇·鲁宾斯坦|俄罗斯|1862年，安东·格里戈里耶维奇·鲁宾斯坦与他弟弟尼古莱·格里戈里耶维奇·鲁宾斯坦一同创立了俄罗斯的第一间音乐学校——圣彼得堡音乐学院。
1894年11月20日|安东·格里戈里耶维奇·鲁宾斯坦|彼得宫城|1894年11月20日，安东·格里戈里耶维奇·鲁宾斯坦在彼得宫城逝世。
1824年9月4日|安东·布鲁克纳|安斯菲尔登|1824年9月4日，安东·布鲁克纳在安斯菲尔登出生。
1868年|安东·布鲁克纳|维也纳|1868年，安东·布鲁克纳成功以通奏低音和对位法教授的身份到维也纳音乐与表演艺术大学任教。
1869年|安东·布鲁克纳|巴黎|1869年，安东·布鲁克纳踏上了到南锡和巴黎的音乐会之旅，期间他在管风琴上做过不少即席演奏，博得掌声。
1884年|安东·布鲁克纳|莱比锡|安东·布鲁克纳的第7交响曲却很成功，首演在1884年的莱比锡。
1896年10月11日|安东·布鲁克纳|维也纳|1896年10月11日，安东·布鲁克纳在维也纳逝世。
1710年11月22日|威廉·弗里德曼·巴赫|魏玛|1710年11月22日，威廉·弗里德曼·巴赫在魏玛出生。
1733年|威廉·弗里德曼·巴赫|德累斯顿|1733年，威廉·弗里德曼·巴赫在德累斯顿等地任管风琴师等职位。
1784年7月1日|威廉·弗里德曼·巴赫|柏林|1784年7月1日，威廉·弗里德曼·巴赫在柏林逝世。
1886年1月25日|威廉·富特文格勒|德意志帝国|1886年1月25日，威廉·富特文格勒在德意志帝国柏林出生。
1886年1月25日|威廉·富特文格勒|柏林|1886年1月25日，威廉·富特文格勒在德意志帝国柏林出生。
1922年|威廉·富特文格勒|柏林|1922年，威廉·富特文格勒接替逝世的指挥巨匠尼基施·阿图尔，成为柏林爱乐乐团的音乐总监，为柏林爱乐的发展献出了不可代替的贡献；并兼任维也纳爱乐乐团和莱比锡布商大厦管弦乐团的常任指挥。
1954年11月30日|威廉·富特文格勒|德国|1954年11月30日，威廉·富特文格勒在德国巴登-巴登逝世。
1954年11月30日|威廉·富特文格勒|巴登-巴登|1954年11月30日，威廉·富特文格勒在德国巴登-巴登逝世。
1867年2月27日|威尔海姆·彼得森·伯格|乌隆厄尔|1867年2月27日，威尔海姆·彼得森·伯格在乌隆厄尔出生。
1889年|威尔海姆·彼得森·伯格|瑞典|1889年，彼得森-威尔海姆·彼得森·伯格第一次到瑞典西北部的耶姆特兰省旅游，被当地的美景迷住，从此不能自拔，每年夏天都要到那里游玩。
1889年|威尔海姆·彼得森·伯格|耶姆特兰省|1889年，彼得森-威尔海姆·彼得森·伯格第一次到瑞典西北部的耶姆特兰省旅游，被当地的美景迷住，从此不能自拔，每年夏天都要到那里游玩。
1930年|威尔海姆·彼得森·伯格|福洛色岛|1930年，威尔海姆·彼得森·伯格完全定居于福洛色岛。
1942年12月3日|威尔海姆·彼得森·伯格|厄斯特松德|1942年12月3日，威尔海姆·彼得森·伯格在厄斯特松德逝世。
1879年7月9日|奥托里诺·雷斯庇基|波隆纳|1879年7月9日，奥托里诺·雷斯庇基在波隆纳出生。
1900年|奥托里诺·雷斯庇基|俄罗斯|1900年奥托里诺·雷斯庇基21岁时短暂前往俄罗斯，担任马林斯基剧院乐团的首席小提琴，并跟随尼古拉·安德烈耶维奇·里姆斯基·科萨科夫学习作曲。
1900年|尼古拉·安德烈耶维奇·里姆斯基·科萨科夫|俄罗斯|1900年奥托里诺·雷斯庇基21岁时短暂前往俄罗斯，担任马林斯基剧院乐团的首席小提琴，并跟随尼古拉·安德烈耶维奇·里姆斯基·科萨科夫学习作曲。
1902年|奥托里诺·雷斯庇基|西欧|1902年，奥托里诺·雷斯庇基返回西欧。
1913年|奥托里诺·雷斯庇基|罗马|1913年，奥托里诺·雷斯庇基之后定居于罗马，担任国立圣西西利音乐学院作曲系教师。
1936年4月18日|奥托里诺·雷斯庇基|罗马|1936年4月18日，奥托里诺·雷斯庇基在罗马逝世。
1843年6月16日|大卫·波佩尔|奥地利|1843年6月16日，大卫·波佩尔在奥地利布拉格出生。
1843年6月16日|大卫·波佩尔|布拉格|1843年6月16日，大卫·波佩尔在奥地利布拉格出生。
1855年|大卫·波佩尔|德国|1855年，大卫·波佩尔入布拉格音乐学院从德国汉堡大提琴家尤利乌斯·戈尔特曼学习大提琴。
1855年|大卫·波佩尔|汉堡|1855年，大卫·波佩尔入布拉格音乐学院从德国汉堡大提琴家尤利乌斯·戈尔特曼学习大提琴。
1863年|大卫·波佩尔|德国|1863年，大卫·波佩尔随交响乐指挥汉斯·冯·彪罗首次到德国、瑞士、荷兰和英国巡回演出，备受彪罗赞扬。
1867年|大卫·波佩尔|维也纳|1867年，大卫·波佩尔到维也纳演出，随后出任维也纳国立歌剧院首席大提琴手。
1882年|大卫·波佩尔|法国|1882年，大卫·波佩尔与法国小提琴家Emil Sauret搭伴到西班牙、葡萄牙演出。
1896年|大卫·波佩尔|布达佩斯|1896年，大卫·波佩尔应李斯特邀请，在大卫·波佩尔创建的布达佩斯音乐学院出任大提琴教授，并定居在布达佩斯。
1913年8月7日|大卫·波佩尔|奥匈帝国|1913年8月7日，大卫·波佩尔在奥匈帝国巴登逝世。
1913年8月7日|大卫·波佩尔|巴登|1913年8月7日，大卫·波佩尔在奥匈帝国巴登逝世。
1877年6月27日|多赫南伊·埃尔诺|布拉迪斯拉发|1877年6月27日，多赫南伊·埃尔诺在布拉迪斯拉发出生。
1897年|多赫南伊·埃尔诺|柏林|1897年，多赫南伊·埃尔诺移居柏林，以钢琴家身份在欧洲各地巡回演出。
1897年|多赫南伊·埃尔诺|欧洲|1897年，多赫南伊·埃尔诺移居柏林，以钢琴家身份在欧洲各地巡回演出。
1915年|多赫南伊·埃尔诺|匈牙利|1915年，多赫南伊·埃尔诺回匈牙利，任布达佩斯爱乐乐团指挥。
1915年|多赫南伊·埃尔诺|布达佩斯|1915年，多赫南伊·埃尔诺回匈牙利，任布达佩斯爱乐乐团指挥。
1934年|多赫南伊·埃尔诺|布达佩斯|1934年，多赫南伊·埃尔诺任布达佩斯音乐学院院长。
1960年2月9日|多赫南伊·埃尔诺|纽约|1960年2月9日，多赫南伊·埃尔诺在纽约逝世。
1685年10月26日|多梅尼科·斯卡拉蒂|那不勒斯|1685年10月26日，多梅尼科·斯卡拉蒂在那不勒斯出生。
1709年|多梅尼科·斯卡拉蒂|罗马|1709年，多梅尼科·斯卡拉蒂来到罗马，为流亡的波兰王后玛利亚·卡西米尔服务。
1715年-[1719年|多梅尼科·斯卡拉蒂|伦敦|1715年-1719年年，在圣伯多禄大殿担任乐队指挥，并于1719年年到伦敦的女王剧场指挥多梅尼科·斯卡拉蒂的歌剧《纳西索》。
1719年|多梅尼科·斯卡拉蒂|伦敦|1715年-1719年年，在圣伯多禄大殿担任乐队指挥，并于1719年年到伦敦的女王剧场指挥多梅尼科·斯卡拉蒂的歌剧《纳西索》。
1719年11月|多梅尼科·斯卡拉蒂|葡萄牙|1719年11月，来到葡萄牙里斯本，在那里多梅尼科·斯卡拉蒂为葡萄牙公主玛利亚·巴尔巴拉教授音乐。
1719年11月|多梅尼科·斯卡拉蒂|里斯本|1719年11月，来到葡萄牙里斯本，在那里多梅尼科·斯卡拉蒂为葡萄牙公主玛利亚·巴尔巴拉教授音乐。
1727年|多梅尼科·斯卡拉蒂|罗马|1727年，多梅尼科·斯卡拉蒂离开里斯本，并于1728年在罗马和玛利亚·卡德莉娜结婚。
1728年|多梅尼科·斯卡拉蒂|罗马|1727年，多梅尼科·斯卡拉蒂离开里斯本，并于1728年在罗马和玛利亚·卡德莉娜结婚。
1729年|多梅尼科·斯卡拉蒂|塞维利亚|1729年，多梅尼科·斯卡拉蒂来到塞维利亚，多梅尼科·斯卡拉蒂在那里生活了4年并得到了关于弗拉明戈的知识。
1733年|多梅尼科·斯卡拉蒂|马德里|1733年，多梅尼科·斯卡拉蒂移居到马德里继续担任玛利亚·巴尔巴拉公主的乐师，那时公主已经嫁给西班牙王室。
1757年7月23日|多梅尼科·斯卡拉蒂|马德里|1757年7月23日，多梅尼科·斯卡拉蒂在马德里逝世。
1813年11月30日|夏尔·瓦朗坦·阿尔康|巴黎|1813年11月30日，夏尔·瓦朗坦·阿尔康在巴黎出生。
1819年|夏尔·瓦朗坦·阿尔康|巴黎|夏尔·瓦朗坦·阿尔康是一名音乐天才，1819年就进入巴黎国立高等音乐舞蹈学院。
1888年3月29日|夏尔·瓦朗坦·阿尔康|巴黎|1888年3月29日，夏尔·瓦朗坦·阿尔康在巴黎逝世。
1844年2月21日|夏尔·玛丽·魏多|里昂|1844年2月21日，夏尔·玛丽·魏多在里昂出生。
1863年|夏尔·玛丽·魏多|布鲁塞尔|1863年，夏尔·玛丽·魏多到布鲁塞尔跟雅克-尼古拉·林曼斯学习管风琴技巧，和弗朗索瓦-约瑟夫·费提斯学习作曲。
1870年|夏尔·古诺|法国|1870年，经加菲里·高，夏尔·古诺和卡米尔·圣桑的游说，夏尔·玛丽·魏多出任全法国最负盛名的圣叙尔比斯教堂临时管风琴师。
1870年|卡米尔·圣桑|法国|1870年，经加菲里·高，夏尔·古诺和卡米尔·圣桑的游说，夏尔·玛丽·魏多出任全法国最负盛名的圣叙尔比斯教堂临时管风琴师。
1870年|夏尔·玛丽·魏多|法国|1870年，经加菲里·高，夏尔·古诺和卡米尔·圣桑的游说，夏尔·玛丽·魏多出任全法国最负盛名的圣叙尔比斯教堂临时管风琴师。
1890年|夏尔·玛丽·魏多|巴黎|1890年，夏尔·玛丽·魏多取代了塞萨尔·弗兰克在巴黎国立高等音乐舞蹈学院的管风琴教授职位。
1892年|夏尔·玛丽·魏多|法国|1892年，夏尔·玛丽·魏多获勋法国荣誉军团勋章。
1921年|夏尔·玛丽·魏多|枫丹白露|1921年，夏尔·玛丽·魏多在枫丹白露创办了美国音乐学院。
1937年3月12日|夏尔·玛丽·魏多|巴黎|1937年3月12日，夏尔·玛丽·魏多在巴黎逝世。
1802年2月20日|夏尔·德·贝里奥|鲁汶|1802年2月20日，夏尔·德·贝里奥在鲁汶出生。
1842年|夏尔·德·贝里奥|巴黎|1842年，贝洛特过身，巴黎国立高等音乐舞蹈学院有意找夏尔·德·贝里奥接任但被夏尔·德·贝里奥所拒绝。
1843年|夏尔·德·贝里奥|布鲁塞尔|1843年，夏尔·德·贝里奥接受了布鲁塞尔皇家音乐学院的委任，成为小提琴教授，并在此成创立了“法比小提琴学派”，培训出亨利·维厄当、海因里希·威尔海姆·恩斯特、雷欧纳等著名小提琴家。
1843年|亨利·维厄当|布鲁塞尔|1843年，夏尔·德·贝里奥接受了布鲁塞尔皇家音乐学院的委任，成为小提琴教授，并在此成创立了“法比小提琴学派”，培训出亨利·维厄当、海因里希·威尔海姆·恩斯特、雷欧纳等著名小提琴家。
1843年|海因里希·威尔海姆·恩斯特|布鲁塞尔|1843年，夏尔·德·贝里奥接受了布鲁塞尔皇家音乐学院的委任，成为小提琴教授，并在此成创立了“法比小提琴学派”，培训出亨利·维厄当、海因里希·威尔海姆·恩斯特、雷欧纳等著名小提琴家。
1870年4月8日|夏尔·德·贝里奥|布鲁塞尔|1870年4月8日，夏尔·德·贝里奥在布鲁塞尔逝世。
1897年5月29日|埃里希·科恩戈尔德|布尔诺|1897年5月29日，埃里希·科恩戈尔德在布尔诺出生。
1901年|埃里希·科恩戈尔德|维也纳|1901年，埃里希·科恩戈尔德时随父搬到维也纳，在那里跟随有成就的音乐家学习音乐。
1934年|埃里希·科恩戈尔德|美国|1934年，埃里希·科恩戈尔德流亡美国，为好莱坞写作大量电影配乐。
1957年11月29日|埃里希·科恩戈尔德|好莱坞|1957年11月29日，埃里希·科恩戈尔德在好莱坞逝世。
1894年6月8日|埃尔文·舒尔霍夫|布拉格|1894年6月8日，埃尔文·舒尔霍夫在布拉格出生。
1942年8月18日|埃尔文·舒尔霍夫|拜恩州|1942年8月18日，埃尔文·舒尔霍夫在拜恩州魏森伯格逝世。
1942年8月18日|埃尔文·舒尔霍夫|魏森伯格|1942年8月18日，埃尔文·舒尔霍夫在拜恩州魏森伯格逝世。
1632年11月28日|吕利|佛罗伦斯|1632年11月28日，吕利在佛罗伦斯出生。
1646年|吕利|法国|1646年，在吕利在舞蹈和喜剧方面的天才被吉斯公爵发现并被带到法国，在路易十四的堂姐安妮·玛丽·路易丝·德·奥尔良身边做侍者。
1687年3月22日|吕利|巴黎|1687年3月22日，吕利在巴黎逝世。
1882年3月18日|吉安·弗朗切斯科·马利皮耶罗|威尼斯|1882年3月18日，吉安·弗朗切斯科·马利皮耶罗在威尼斯出生。
1906年-1909年|<吉安>·弗朗切斯科·马利皮耶罗|吉安|1906年-1909年，吉安·弗朗切斯科·马利皮耶罗住在柏林，参加过马克斯·布鲁赫的作曲班。
1906年-1909年|<吉安>·弗朗切斯科·马利皮耶罗|柏林|1906年-1909年，吉安·弗朗切斯科·马利皮耶罗住在柏林，参加过马克斯·布鲁赫的作曲班。
1906年-1909年|马克斯·布鲁赫|吉安|1906年-1909年，吉安·弗朗切斯科·马利皮耶罗住在柏林，参加过马克斯·布鲁赫的作曲班。
1906年-1909年|马克斯·布鲁赫|柏林|1906年-1909年，吉安·弗朗切斯科·马利皮耶罗住在柏林，参加过马克斯·布鲁赫的作曲班。
1913年|<吉安>·弗朗切斯科·马利皮耶罗|吉安|1913年，吉安·弗朗切斯科·马利皮耶罗移居巴黎，参加了《春之祭》的首演，并结识了阿尔弗雷多·卡塞拉。
1913年|<吉安>·弗朗切斯科·马利皮耶罗|巴黎|1913年，吉安·弗朗切斯科·马利皮耶罗移居巴黎，参加了《春之祭》的首演，并结识了阿尔弗雷多·卡塞拉。
1913年|阿尔弗雷多·卡塞拉|吉安|1913年，吉安·弗朗切斯科·马利皮耶罗移居巴黎，参加了《春之祭》的首演，并结识了阿尔弗雷多·卡塞拉。
1913年|阿尔弗雷多·卡塞拉|巴黎|1913年，吉安·弗朗切斯科·马利皮耶罗移居巴黎，参加了《春之祭》的首演，并结识了阿尔弗雷多·卡塞拉。
1921年|<吉安>·弗朗切斯科·马利皮耶罗|吉安|1921年，吉安·弗朗切斯科·马利皮耶罗任帕尔马音乐学院教授。
1921年|<吉安>·弗朗切斯科·马利皮耶罗|帕尔马|1921年，吉安·弗朗切斯科·马利皮耶罗任帕尔马音乐学院教授。
1939年|<吉安>·弗朗切斯科·马利皮耶罗|吉安|1939年，吉安·弗朗切斯科·马利皮耶罗任威尼斯音乐学院院长。
1939年|<吉安>·弗朗切斯科·马利皮耶罗|威尼斯|1939年，吉安·弗朗切斯科·马利皮耶罗任威尼斯音乐学院院长。
1952年|<吉安>·弗朗切斯科·马利皮耶罗|吉安|1952年，吉安·弗朗切斯科·马利皮耶罗退休后继续从事教学和研究工作。
1973年8月1日|吉安·弗朗切斯科·马利皮耶罗|阿索洛|1973年8月1日，吉安·弗朗切斯科·马利皮耶罗在阿索洛逝世。
1835年10月9日|卡米尔·圣桑|法国|1835年10月9日，卡米尔·圣桑在法国巴黎出生。
1835年10月9日|卡米尔·圣桑|巴黎|1835年10月9日，卡米尔·圣桑在法国巴黎出生。
1848年|卡米尔·圣桑|巴黎|1848年，卡米尔·圣桑进入巴黎国立高等音乐舞蹈学院，并进修管风琴及师随雅克·弗洛蒙塔尔·阿莱维学习作曲。
1848年|雅克·弗洛蒙塔尔·阿莱维|巴黎|1848年，卡米尔·圣桑进入巴黎国立高等音乐舞蹈学院，并进修管风琴及师随雅克·弗洛蒙塔尔·阿莱维学习作曲。
1888年|卡米尔·圣桑|加那利群岛|1888年，卡米尔·圣桑的母亲逝世，为免睹物思人，卡米尔·圣桑易名为Sannois及离开法国往加那利群岛。
1921年12月16日|卡米尔·圣桑|法属阿尔及利亚阿尔及尔|1921年12月16日，卡米尔·圣桑在法属阿尔及利亚阿尔及尔逝世。
1566年3月8日|卡洛·杰苏阿尔多|那不勒斯|1566年3月8日，卡洛·杰苏阿尔多在那不勒斯出生。
1613年9月8日|卡洛·杰苏阿尔多|阿韦尼诺省|1613年9月8日，卡洛·杰苏阿尔多在阿韦尼诺省逝世。
1791年2月21日|卡尔·车尔尼|神圣罗马帝国|1791年2月21日，卡尔·车尔尼在神圣罗马帝国奥地利维也纳出生。
1791年2月21日|卡尔·车尔尼|奥地利|1791年2月21日，卡尔·车尔尼在神圣罗马帝国奥地利维也纳出生。
1791年2月21日|卡尔·车尔尼|维也纳|1791年2月21日，卡尔·车尔尼在神圣罗马帝国奥地利维也纳出生。
1857年7月15日|卡尔·车尔尼|奥地利|1857年7月15日，卡尔·车尔尼在奥地利维也纳逝世。
1857年7月15日|卡尔·车尔尼|维也纳|1857年7月15日，卡尔·车尔尼在奥地利维也纳逝世。
1714年3月8日|卡尔·菲利普·埃马努埃尔·巴赫|魏玛|1714年3月8日，卡尔·菲利普·埃马努埃尔·巴赫在魏玛出生。
1740年|卡尔·菲利普·埃马努埃尔·巴赫|柏林|早年从其父学习音乐，1740年，卡尔·菲利普·埃马努埃尔·巴赫到柏林任腓特烈2世的大键琴师。
1767年|卡尔·菲利普·埃马努埃尔·巴赫|汉堡|1767年，卡尔·菲利普·埃马努埃尔·巴赫迁居汉堡任职。
1788年12月14日|卡尔·菲利普·埃马努埃尔·巴赫|汉堡|1788年12月14日，卡尔·菲利普·埃马努埃尔·巴赫在汉堡逝世。
1830年5月18日|卡尔·戈德马克|凯斯特海伊|1830年5月18日，卡尔·戈德马克在凯斯特海伊出生。
1915年1月2日|卡尔·戈德马克|维也纳|1915年1月2日，卡尔·戈德马克在维也纳逝世。
1895年7月10日|卡尔·奥尔夫|慕尼黑|1895年7月10日，卡尔·奥尔夫在慕尼黑出生。
1920年|卡尔·奥尔夫|慕尼黑|1920年，卡尔·奥尔夫随杰克·卡明斯基深造又回到慕尼黑。
1924年|卡尔·奥尔夫|慕尼黑|1924年与舞蹈家歌特在慕尼黑创办冈特学校，从此开始了卡尔·奥尔夫长达半个世纪的儿童音乐教育事业。
1982年3月29日|卡尔·奥尔夫|慕尼黑|1982年3月29日，卡尔·奥尔夫在慕尼黑逝世。
1796年11月30日|卡尔·勒韦|雷贝云|1796年11月30日，卡尔·勒韦在雷贝云出生。
1820年|卡尔·勒韦|什切青|1820年，卡尔·勒韦到什切青任职，期间出版了著名的歌曲《魔王》。
1869年4月20日|卡尔·勒韦|基尔|1869年4月20日，卡尔·勒韦在基尔逝世。
1739年11月2日|卡尔·冯·迪特斯多夫|神圣罗马帝国奥地利大公国维也纳|1739年11月2日，卡尔·冯·迪特斯多夫在神圣罗马帝国奥地利大公国维也纳出生。
1799年10月24日|卡尔·冯·迪特斯多夫|神圣罗马帝国|1799年10月24日，卡尔·冯·迪特斯多夫在神圣罗马帝国波希米亚迪许特纳逝世。
1799年10月24日|卡尔·冯·迪特斯多夫|波希米亚|1799年10月24日，卡尔·冯·迪特斯多夫在神圣罗马帝国波希米亚迪许特纳逝世。
1799年10月24日|卡尔·冯·迪特斯多夫|迪许特纳|1799年10月24日，卡尔·冯·迪特斯多夫在神圣罗马帝国波希米亚迪许特纳逝世。
1845年5月12日|加布里埃尔·佛瑞|法国|1845年5月12日，加布里埃尔·佛瑞在法国帕米耶出生。
1845年5月12日|加布里埃尔·佛瑞|帕米耶|1845年5月12日，加布里埃尔·佛瑞在法国帕米耶出生。
1854年|加布里埃尔·佛瑞|巴黎|1854年，加布里埃尔·佛瑞被送到巴黎的尼德梅耶学校，这是一所当时新创的古典宗教音乐学校。
1870年|加布里埃尔·佛瑞|巴黎|1870年，普法战争爆发，加布里埃尔·佛瑞被编入军旅，担任轻步兵团的通讯兵，并在普鲁士军包围巴黎的攻势期间参与战事。
1896年|加布里埃尔·佛瑞|巴黎|1896年，加布里埃尔·佛瑞被巴黎音乐学院聘为作曲教授。
1924年11月4日|加布里埃尔·佛瑞|法国|1924年11月4日，加布里埃尔·佛瑞在法国巴黎逝世。
1924年11月4日|加布里埃尔·佛瑞|巴黎|1924年11月4日，加布里埃尔·佛瑞在法国巴黎逝世。
1870年2月13日|利奥波德·戈多夫斯基|立陶宛|1870年2月13日，利奥波德·戈多夫斯基在立陶宛扎斯勒出生。
1870年2月13日|利奥波德·戈多夫斯基|扎斯勒|1870年2月13日，利奥波德·戈多夫斯基在立陶宛扎斯勒出生。
1884年|利奥波德·戈多夫斯基|柏林|1884年，利奥波德·戈多夫斯基赴柏林学习，并很快成为杰出的音乐会钢琴家。
1886年|利奥波德·戈多夫斯基|美国|1886年，利奥波德·戈多夫斯基从美国巡演归来，希望师从李斯特·费伦茨，但李斯特·费伦茨此时已不幸病逝。
1886年|李斯特·费伦茨|美国|1886年，利奥波德·戈多夫斯基从美国巡演归来，希望师从李斯特·费伦茨，但李斯特·费伦茨此时已不幸病逝。
1890年|利奥波德·戈多夫斯基|美国|1890年，利奥波德·戈多夫斯基移居美国，从事教学并在世界各地巡回演出。
1938年11月21日|利奥波德·戈多夫斯基|纽约|1938年11月21日，利奥波德·戈多夫斯基在纽约逝世。
1714年7月2日|克里斯托夫·维利巴尔德·格鲁克|艾拉斯巴赫|1714年7月2日，克里斯托夫·维利巴尔德·格鲁克在艾拉斯巴赫出生。
1750年|克里斯托夫·维利巴尔德·格鲁克|维也纳|1750年，克里斯托夫·维利巴尔德·格鲁克结婚后定居维也纳。
1787年11月15日|克里斯托夫·维利巴尔德·格鲁克|维也纳|1787年11月15日，克里斯托夫·维利巴尔德·格鲁克在维也纳逝世。
1850年1月6日|克萨韦尔·沙尔文卡|波兰沙莫图维|1850年1月6日，克萨韦尔·沙尔文卡在波兰沙莫图维出生。
1865年|克萨韦尔·沙尔文卡|柏林|1865年，克萨韦尔·沙尔文卡到柏林学习，很快成为一名出色的音乐会钢琴家。
1881年|克萨韦尔·沙尔文卡|欧洲|在欧洲各地取得成功之后，1881年，克萨韦尔·沙尔文卡创办了自己的钢琴学校。
1891年|克萨韦尔·沙尔文卡|纽约|1891年，克萨韦尔·沙尔文卡移居纽约，从事教学，不久后又回到德国，继续主持钢琴学校。
1891年|克萨韦尔·沙尔文卡|德国|1891年，克萨韦尔·沙尔文卡移居纽约，从事教学，不久后又回到德国，继续主持钢琴学校。
1924年12月8日|克萨韦尔·沙尔文卡|柏林|1924年12月8日，克萨韦尔·沙尔文卡在柏林逝世。
1819年9月13日|克拉拉·舒曼|萨克森|1819年9月13日，克拉拉·舒曼在萨克森莱比锡出生。
1819年9月13日|克拉拉·舒曼|莱比锡|1819年9月13日，克拉拉·舒曼在萨克森莱比锡出生。
1830年|克拉拉·舒曼|德累斯顿|1830年，克拉拉·舒曼和父亲前往德累斯顿展开巡回演奏。
1831年9月|克拉拉·舒曼|德国|1831年9月，克拉拉·舒曼前往德国各地及巴黎进行巡回演出，并在威麦尔为哥德演奏而获赠青铜牌。
1831年9月|克拉拉·舒曼|巴黎|1831年9月，克拉拉·舒曼前往德国各地及巴黎进行巡回演出，并在威麦尔为哥德演奏而获赠青铜牌。
1831年9月|克拉拉·舒曼|威麦尔|1831年9月，克拉拉·舒曼前往德国各地及巴黎进行巡回演出，并在威麦尔为哥德演奏而获赠青铜牌。
1832年4月|克拉拉·舒曼|巴黎|1832年4月，克拉拉·舒曼在巴黎举办演奏会，却因霍乱流行而影响演出。
1836年|克拉拉·舒曼|德累斯顿|1836年，克拉拉·舒曼在德累斯顿攻读音乐理论和声乐。
1837年-1838年|克拉拉·舒曼|维也纳|1837年-1838年，克拉拉·舒曼到维也纳居住了一段时间，克拉拉·舒曼想在这座音乐名城感受一下维也纳乐派的文化氛围。
1844年|克拉拉·舒曼|俄罗斯|1844年，克拉拉·舒曼照顾患病丈夫，再加上经济困难，不得不再重新开始在俄罗斯圣彼得堡巡回演奏以维持家计。
1844年|克拉拉·舒曼|圣彼得堡|1844年，克拉拉·舒曼照顾患病丈夫，再加上经济困难，不得不再重新开始在俄罗斯圣彼得堡巡回演奏以维持家计。
1878年|克拉拉·舒曼|法兰克福|1878年，克拉拉·舒曼开始在法兰克福音乐学院教授钢琴。
1896年5月20日|克拉拉·舒曼|德意志帝国|1896年5月20日，克拉拉·舒曼在德意志帝国法兰克福逝世。
1896年5月20日|克拉拉·舒曼|法兰克福|1896年5月20日，克拉拉·舒曼在德意志帝国法兰克福逝世。
1567年5月15日|克劳迪奥·蒙特威尔第|克雷莫纳|1567年5月15日，克劳迪奥·蒙特威尔第在克雷莫纳出生。
1612年|克劳迪奥·蒙特威尔第|克里蒙那|1612年贡扎加公爵过世后，克劳迪奥·蒙特威尔第的事业有了改变，公爵之子法兰西斯科继位，克劳迪奥·蒙特威尔第遭到解聘，他离开曼拖瓦回到克里蒙那。
1643年11月29日|克劳迪奥·蒙特威尔第|威尼斯|1643年11月29日，克劳迪奥·蒙特威尔第在威尼斯逝世。
1895年11月16日|保罗·欣德米特|哈瑙|1895年11月16日，保罗·欣德米特在哈瑙出生。
1907年|保罗·欣德米特|法兰克福|1907年，保罗·欣德米特起师从法兰克福音乐学院教师安娜·黑格纳。
1927年|保罗·欣德米特|柏林|1927年，保罗·欣德米特受聘担任柏林艺术大学作曲教授，于是逐渐淡出舞台，转而致力于作曲、指挥和音乐教育。
1938年|保罗·欣德米特|瑞士|保罗·欣德米特和妻子1938年流亡并入籍瑞士。
1940年|保罗·欣德米特|美国|1940年，保罗·欣德米特移居美国纽黑文，于耶鲁大学担任作曲教授。
1940年|保罗·欣德米特|纽黑文|1940年，保罗·欣德米特移居美国纽黑文，于耶鲁大学担任作曲教授。
1947年|保罗·欣德米特|欧洲|1947年保罗·欣德米特访问了欧洲，并在这欧洲举行讲座、指挥乐团。
1951年|保罗·欣德米特|苏黎世|1951年保罗·欣德米特接受了苏黎世大学的聘请，同时在大西洋两岸穿梭教学。
1953年|保罗·欣德米特|瑞士|1953年，保罗·欣德米特起定居瑞士，居住在沃韦附近。
1953年|保罗·欣德米特|沃韦|1953年，保罗·欣德米特起定居瑞士，居住在沃韦附近。
1957年|保罗·欣德米特|欧洲|1957年战后保罗·欣德米特重返欧洲，定居于瑞士苏黎世，并完成了“世界大同交响曲”与歌剧“世界大同”。
1957年|保罗·欣德米特|瑞士|1957年战后保罗·欣德米特重返欧洲，定居于瑞士苏黎世，并完成了“世界大同交响曲”与歌剧“世界大同”。
1957年|保罗·欣德米特|苏黎世|1957年战后保罗·欣德米特重返欧洲，定居于瑞士苏黎世，并完成了“世界大同交响曲”与歌剧“世界大同”。
1963年12月28日|保罗·欣德米特|法兰克福|1963年12月28日，保罗·欣德米特在法兰克福逝世。
1848年2月27日|休伯特·帕里|伯恩茅斯|1848年2月27日，休伯特·帕里在伯恩茅斯出生。
1918年10月7日|休伯特·帕里|西萨塞克斯郡|1918年10月7日，休伯特·帕里在西萨塞克斯郡鲁斯廷顿逝世。
1918年10月7日|休伯特·帕里|鲁斯廷顿|1918年10月7日，休伯特·帕里在西萨塞克斯郡鲁斯廷顿逝世。
1860年5月29日|伊萨克·阿尔贝尼斯|坎普罗顿|1860年5月29日，伊萨克·阿尔贝尼斯在坎普罗顿出生。
1867年|伊萨克·阿尔贝尼斯|马德里|1867年，伊萨克·阿尔贝尼斯入马德里音乐学院学习，毕业获钢琴演奏一等奖，后到欧洲美洲各地巡回演出。
1867年|伊萨克·阿尔贝尼斯|欧洲|1867年，伊萨克·阿尔贝尼斯入马德里音乐学院学习，毕业获钢琴演奏一等奖，后到欧洲美洲各地巡回演出。
1867年|伊萨克·阿尔贝尼斯|美洲|1867年，伊萨克·阿尔贝尼斯入马德里音乐学院学习，毕业获钢琴演奏一等奖，后到欧洲美洲各地巡回演出。
1874年|伊萨克·阿尔贝尼斯|布鲁塞尔|1874年，伊萨克·阿尔贝尼斯入布鲁塞尔音乐学院深造。
1893年|伊萨克·阿尔贝尼斯|巴黎|1893年，伊萨克·阿尔贝尼斯定居巴黎，与樊尚·丹第，阿希尔·克洛德·德彪西等结识。
1893年|樊尚·丹第|巴黎|1893年，伊萨克·阿尔贝尼斯定居巴黎，与樊尚·丹第，阿希尔·克洛德·德彪西等结识。
1893年|阿希尔·克洛德·德彪西|巴黎|1893年，伊萨克·阿尔贝尼斯定居巴黎，与樊尚·丹第，阿希尔·克洛德·德彪西等结识。
1909年5月18日|伊萨克·阿尔贝尼斯|法国|1909年5月18日，伊萨克·阿尔贝尼斯在法国康博莱班逝世。
1909年5月18日|伊萨克·阿尔贝尼斯|康博莱班|1909年5月18日，伊萨克·阿尔贝尼斯在法国康博莱班逝世。
1794年5月23日|伊格纳兹·莫谢莱斯|神圣罗马帝国|1794年5月23日，伊格纳兹·莫谢莱斯在神圣罗马帝国波希米亚布拉格出生。
1794年5月23日|伊格纳兹·莫谢莱斯|波希米亚|1794年5月23日，伊格纳兹·莫谢莱斯在神圣罗马帝国波希米亚布拉格出生。
1794年5月23日|伊格纳兹·莫谢莱斯|布拉格|1794年5月23日，伊格纳兹·莫谢莱斯在神圣罗马帝国波希米亚布拉格出生。
1870年3月10日|伊格纳兹·莫谢莱斯|萨克森|1870年3月10日，伊格纳兹·莫谢莱斯在萨克森莱比锡逝世。
1870年3月10日|伊格纳兹·莫谢莱斯|莱比锡|1870年3月10日，伊格纳兹·莫谢莱斯在萨克森莱比锡逝世。
1757年6月18日|伊格纳兹·普莱耶尔|神圣罗马帝国|1757年6月18日，伊格纳兹·普莱耶尔在神圣罗马帝国奥地利鲁博斯塔尔出生。
1757年6月18日|伊格纳兹·普莱耶尔|奥地利|1757年6月18日，伊格纳兹·普莱耶尔在神圣罗马帝国奥地利鲁博斯塔尔出生。
1757年6月18日|伊格纳兹·普莱耶尔|鲁博斯塔尔|1757年6月18日，伊格纳兹·普莱耶尔在神圣罗马帝国奥地利鲁博斯塔尔出生。
1780年|伊格纳兹·普莱耶尔|意大利|1780年，伊格纳兹·普莱耶尔访问了意大利，不久移居斯特拉斯堡。
1780年|伊格纳兹·普莱耶尔|斯特拉斯堡|1780年，伊格纳兹·普莱耶尔访问了意大利，不久移居斯特拉斯堡。
1795年|伊格纳兹·普莱耶尔|伦敦|法国大革命爆发后，伊格纳兹·普莱耶尔到伦敦暂住并从事指挥，1795年又回到巴黎。
1795年|伊格纳兹·普莱耶尔|巴黎|法国大革命爆发后，伊格纳兹·普莱耶尔到伦敦暂住并从事指挥，1795年又回到巴黎。
1824年|伊格纳兹·普莱耶尔|巴黎|1824年，伊格纳兹·普莱耶尔退休，居住在巴黎郊区直到去世。
1831年11月14日|伊格纳兹·普莱耶尔|法国|1831年11月14日，伊格纳兹·普莱耶尔在法国巴黎逝世。
1831年11月14日|伊格纳兹·普莱耶尔|巴黎|1831年11月14日，伊格纳兹·普莱耶尔在法国巴黎逝世。
1882年6月17日|伊戈尔·费奥多罗维奇·斯特拉文斯基|俄罗斯|1882年6月17日，伊戈尔·费奥多罗维奇·斯特拉文斯基在俄罗斯奥拉宁堡出生。
1882年6月17日|伊戈尔·费奥多罗维奇·斯特拉文斯基|奥拉宁堡|1882年6月17日，伊戈尔·费奥多罗维奇·斯特拉文斯基在俄罗斯奥拉宁堡出生。
1901年|伊戈尔·费奥多罗维奇·斯特拉文斯基|圣彼得堡|虽然伊戈尔·费奥多罗维奇·斯特拉文斯基对音乐相当热衷，但伊戈尔·费奥多罗维奇·斯特拉文斯基的父母希望他学习法律，因此中学毕业之后，在1901年进入圣彼得堡国立大学学习法律，但他4年只修了不到五十门的课程。
1909年|伊戈尔·费奥多罗维奇·斯特拉文斯基|圣彼得堡|1909年，第一部管弦乐团作品《烟火》在圣彼得堡首演，被俄罗斯舞蹈团经理兼舞剧编导佳吉列夫所欣赏，邀请伊戈尔·费奥多罗维奇·斯特拉文斯基为其芭蕾舞团创作芭蕾音乐《火鸟》。
1910年6月25日|伊戈尔·费奥多罗维奇·斯特拉文斯基|巴黎|1910年6月25日芭蕾舞剧《火鸟》在巴黎首演，因此伊戈尔·费奥多罗维奇·斯特拉文斯基一夜成名。
1910年9月|伊戈尔·费奥多罗维奇·斯特拉文斯基|瑞士|1910年9月，伊戈尔·费奥多罗维奇·斯特拉文斯基初搬到瑞士的克拉伦斯。
1910年9月|伊戈尔·费奥多罗维奇·斯特拉文斯基|克拉伦斯|1910年9月，伊戈尔·费奥多罗维奇·斯特拉文斯基初搬到瑞士的克拉伦斯。
1920年6月8日|伊戈尔·费奥多罗维奇·斯特拉文斯基|巴黎|1920年6月8日，伊戈尔·费奥多罗维奇·斯特拉文斯基全家搬离瑞士，希望在巴黎找到可以负担的住处。
1938年|伊戈尔·费奥多罗维奇·斯特拉文斯基|波兰|1938年，伊戈尔·费奥多罗维奇·斯特拉文斯基的女儿、妻子和老母亲相继去世，再加上阿道夫·希特勒侵占波兰和第二次世界大战的爆发，促使伊戈尔·费奥多罗维奇·斯特拉文斯基前往美国谋生。
1938年|伊戈尔·费奥多罗维奇·斯特拉文斯基|美国|1938年，伊戈尔·费奥多罗维奇·斯特拉文斯基的女儿、妻子和老母亲相继去世，再加上阿道夫·希特勒侵占波兰和第二次世界大战的爆发，促使伊戈尔·费奥多罗维奇·斯特拉文斯基前往美国谋生。
1945年|伊戈尔·费奥多罗维奇·斯特拉文斯基|加利福尼亚州|伊戈尔·费奥多罗维奇·斯特拉文斯基住在加利福尼亚州的好莱坞，伊戈尔·费奥多罗维奇·斯特拉文斯基最常待在洛杉矶，在1945年后成为美国公民。
1945年|伊戈尔·费奥多罗维奇·斯特拉文斯基|好莱坞|伊戈尔·费奥多罗维奇·斯特拉文斯基住在加利福尼亚州的好莱坞，伊戈尔·费奥多罗维奇·斯特拉文斯基最常待在洛杉矶，在1945年后成为美国公民。
1945年|伊戈尔·费奥多罗维奇·斯特拉文斯基|洛杉矶|伊戈尔·费奥多罗维奇·斯特拉文斯基住在加利福尼亚州的好莱坞，伊戈尔·费奥多罗维奇·斯特拉文斯基最常待在洛杉矶，在1945年后成为美国公民。
1962年|伊戈尔·费奥多罗维奇·斯特拉文斯基|俄罗斯|伊戈尔·费奥多罗维奇·斯特拉文斯基在1962年又重新回到俄罗斯。
1970年|伊戈尔·费奥多罗维奇·斯特拉文斯基|纽约|1970年，伊戈尔·费奥多罗维奇·斯特拉文斯基由于健康原因，回到纽约。
1971年4月6日|伊戈尔·费奥多罗维奇·斯特拉文斯基|美国|1971年4月6日，伊戈尔·费奥多罗维奇·斯特拉文斯基在美国纽约逝世。
1971年4月6日|伊戈尔·费奥多罗维奇·斯特拉文斯基|纽约|1971年4月6日，伊戈尔·费奥多罗维奇·斯特拉文斯基在美国纽约逝世。
1835年7月10日|亨里克·维尼亚夫斯基|卢布林|1835年7月10日，亨里克·维尼亚夫斯基在卢布林出生。
1843年|亨里克·维尼亚夫斯基|巴黎|1843年入巴黎国立高等音乐舞蹈学院，在巴黎期间，亨里克·维尼亚夫斯基在母亲举办的沙龙结识了音乐家弗雷德里克·肖邦和诗人亚当·密茨凯维奇。
1843年|弗雷德里克·肖邦|巴黎|1843年入巴黎国立高等音乐舞蹈学院，在巴黎期间，亨里克·维尼亚夫斯基在母亲举办的沙龙结识了音乐家弗雷德里克·肖邦和诗人亚当·密茨凯维奇。
1848年|亨里克·维尼亚夫斯基|巴黎|1848年荣获巴黎音乐学院金奖毕业，和亨里克·维尼亚夫斯基的兄弟、钢琴家约瑟夫·维尼奥夫斯基一同举行巡回演出。
1860年|亨里克·维尼亚夫斯基|俄罗斯|1860年，亨里克·维尼亚夫斯基应俄罗斯钢琴家安东·格里戈里耶维奇·鲁宾斯坦邀请，迁居圣彼得堡。
1860年|亨里克·维尼亚夫斯基|圣彼得堡|1860年，亨里克·维尼亚夫斯基应俄罗斯钢琴家安东·格里戈里耶维奇·鲁宾斯坦邀请，迁居圣彼得堡。
1860年|安东·格里戈里耶维奇·鲁宾斯坦|俄罗斯|1860年，亨里克·维尼亚夫斯基应俄罗斯钢琴家安东·格里戈里耶维奇·鲁宾斯坦邀请，迁居圣彼得堡。
1860年|安东·格里戈里耶维奇·鲁宾斯坦|圣彼得堡|1860年，亨里克·维尼亚夫斯基应俄罗斯钢琴家安东·格里戈里耶维奇·鲁宾斯坦邀请，迁居圣彼得堡。
1872年-1874年|亨里克·维尼亚夫斯基|美国|1872年-1874年，亨里克·维尼亚夫斯基维尼奥夫斯基和鲁宾斯坦在美国巡回演出。
1875年|亨里克·维尼亚夫斯基|布鲁塞尔|1875年，亨里克·维尼亚夫斯基接替亨利·维厄当成为布鲁塞尔音乐学院小提琴教授。
1875年|亨利·维厄当|布鲁塞尔|1875年，亨里克·维尼亚夫斯基接替亨利·维厄当成为布鲁塞尔音乐学院小提琴教授。
1879年4月|亨里克·维尼亚夫斯基|敖德萨|1879年4月，亨里克·维尼亚夫斯基维尼奥夫斯基在敖德萨举行告别音乐会。
1880年3月31日|亨里克·维尼亚夫斯基|莫斯科|1880年3月31日，亨里克·维尼亚夫斯基在莫斯科逝世。
1897年3月11日|亨利·考埃尔|门洛帕克|1897年3月11日，亨利·考埃尔在门洛帕克加利福尼亚州出生。
1897年3月11日|亨利·考埃尔|加利福尼亚州|1897年3月11日，亨利·考埃尔在门洛帕克加利福尼亚州出生。
1920年|亨利·考埃尔|欧洲|1920年，亨利·考埃尔以钢琴家身份在欧洲美洲各地巡演，推广自己的作品，也得以结识巴托克·贝拉，勋伯格，阿尔班·贝尔格等众多著名作曲家，并和查理斯·艾伍士成为亲密好友。
1920年|亨利·考埃尔|美洲|1920年，亨利·考埃尔以钢琴家身份在欧洲美洲各地巡演，推广自己的作品，也得以结识巴托克·贝拉，勋伯格，阿尔班·贝尔格等众多著名作曲家，并和查理斯·艾伍士成为亲密好友。
1920年|巴托克·贝拉|欧洲|1920年，亨利·考埃尔以钢琴家身份在欧洲美洲各地巡演，推广自己的作品，也得以结识巴托克·贝拉，勋伯格，阿尔班·贝尔格等众多著名作曲家，并和查理斯·艾伍士成为亲密好友。
1920年|巴托克·贝拉|美洲|1920年，亨利·考埃尔以钢琴家身份在欧洲美洲各地巡演，推广自己的作品，也得以结识巴托克·贝拉，勋伯格，阿尔班·贝尔格等众多著名作曲家，并和查理斯·艾伍士成为亲密好友。
1920年|阿尔班·贝尔格|欧洲|1920年，亨利·考埃尔以钢琴家身份在欧洲美洲各地巡演，推广自己的作品，也得以结识巴托克·贝拉，勋伯格，阿尔班·贝尔格等众多著名作曲家，并和查理斯·艾伍士成为亲密好友。
1920年|阿尔班·贝尔格|美洲|1920年，亨利·考埃尔以钢琴家身份在欧洲美洲各地巡演，推广自己的作品，也得以结识巴托克·贝拉，勋伯格，阿尔班·贝尔格等众多著名作曲家，并和查理斯·艾伍士成为亲密好友。
1920年|查理斯·艾伍士|欧洲|1920年，亨利·考埃尔以钢琴家身份在欧洲美洲各地巡演，推广自己的作品，也得以结识巴托克·贝拉，勋伯格，阿尔班·贝尔格等众多著名作曲家，并和查理斯·艾伍士成为亲密好友。
1920年|查理斯·艾伍士|美洲|1920年，亨利·考埃尔以钢琴家身份在欧洲美洲各地巡演，推广自己的作品，也得以结识巴托克·贝拉，勋伯格，阿尔班·贝尔格等众多著名作曲家，并和查理斯·艾伍士成为亲密好友。
1965年12月10日|亨利·考埃尔|阿尔斯特县|1965年12月10日，亨利·考埃尔在阿尔斯特县纽约州逝世。
1965年12月10日|亨利·考埃尔|纽约州|1965年12月10日，亨利·考埃尔在阿尔斯特县纽约州逝世。
1820年2月17日|亨利·维厄当|韦尔维耶|1820年2月17日，亨利·维厄当在韦尔维耶出生。
1833年-1834年|亨利·维厄当|欧洲|1833年-1834年，亨利·维厄当在欧洲各地巡演，结识了罗伯特·舒曼和尼可罗·帕格尼尼。
1833年-1834年|罗伯特·舒曼|欧洲|1833年-1834年，亨利·维厄当在欧洲各地巡演，结识了罗伯特·舒曼和尼可罗·帕格尼尼。
1833年-1834年|尼可罗·帕格尼尼|欧洲|1833年-1834年，亨利·维厄当在欧洲各地巡演，结识了罗伯特·舒曼和尼可罗·帕格尼尼。
1835年|亨利·维厄当|维也纳|1835年，亨利·维厄当到维也纳学习作曲。
1844年|亨利·维厄当|美国|1844年，亨利·维厄当赴美国演出。
1846年-1851年|亨利·维厄当|俄罗斯|1846年-1851年，亨利·维厄当在俄罗斯任职。
1871年|亨利·维厄当|布鲁塞尔|1871年，亨利·维厄当返回布鲁塞尔音乐学院任教。
1881年6月6日|亨利·维厄当|阿尔及尔|1881年6月6日，亨利·维厄当在阿尔及尔逝世。
1872年1月6日|亚历山大·尼古拉耶维奇·斯克里亚宾|莫斯科|1872年1月6日，亚历山大·尼古拉耶维奇·斯克里亚宾在莫斯科出生。
1915年4月27日|亚历山大·尼古拉耶维奇·斯克里亚宾|莫斯科|1915年4月27日，亚历山大·尼古拉耶维奇·斯克里亚宾在莫斯科逝世。
1871年10月14日|亚历山大·冯·策姆林斯基|维也纳|1871年10月14日，亚历山大·冯·策姆林斯基在维也纳出生。
1920年-1927年|亚历山大·冯·策姆林斯基|布拉格|1920年-1927年，亚历山大·冯·策姆林斯基任布拉格德国音乐学院院长。
1938年|亚历山大·冯·策姆林斯基|美国|1938年，亚历山大·冯·策姆林斯基流亡美国。
1942年3月15日|亚历山大·冯·策姆林斯基|纽约|1942年3月15日，亚历山大·冯·策姆林斯基在纽约逝世。
1525年|乔瓦尼·皮耶路易吉·达·帕莱斯特里纳|罗马|1525年，乔瓦尼·皮耶路易吉·达·帕莱斯特里纳在罗马出生。
1537年|乔瓦尼·皮耶路易吉·达·帕莱斯特里纳|罗马|乔瓦尼·皮耶路易吉·达·帕莱斯特里纳于1537年来到罗马，在圣玛丽亚·马卓雷大教堂唱诗班内当歌手。
1544年|乔瓦尼·皮耶路易吉·达·帕莱斯特里纳|罗马|后因变声，于1544年，乔瓦尼·皮耶路易吉·达·帕莱斯特里纳回到罗马任圣阿加彼塔大教堂任管风琴师兼声乐教师。
1551年|乔瓦尼·皮耶路易吉·达·帕莱斯特里纳|罗马|1551年，乔瓦尼·皮耶路易吉·达·帕莱斯特里纳被任命为罗马圣伯多禄大殿下属的朱利亚合唱团的乐长。
1594年2月2日|乔瓦尼·皮耶路易吉·达·帕莱斯特里纳|罗马|1594年2月2日，乔瓦尼·皮耶路易吉·达·帕莱斯特里纳在罗马逝世。
1881年8月19日|乔治·埃内斯库|利维尼|1881年8月19日，乔治·埃内斯库在利维尼出生。
1888年|乔治·埃内斯库|维也纳|1888年，乔治·埃内斯库入读维也纳音乐与表演艺术大学，师从约瑟夫·黑尔梅斯伯格、罗伯特·富克斯、Sigismond Bachrich等音乐大师。
1888年|罗伯特·富克斯|维也纳|1888年，乔治·埃内斯库入读维也纳音乐与表演艺术大学，师从约瑟夫·黑尔梅斯伯格、罗伯特·富克斯、Sigismond Bachrich等音乐大师。
1895年|乔治·埃内斯库|巴黎|1895年乔治·埃内斯库前往巴黎继续深造，从Armand Marsick学习小提琴，从儒勒·马斯内和加布里埃尔·佛瑞学作曲。
1895年|儒勒·马斯内|巴黎|1895年乔治·埃内斯库前往巴黎继续深造，从Armand Marsick学习小提琴，从儒勒·马斯内和加布里埃尔·佛瑞学作曲。
1895年|加布里埃尔·佛瑞|巴黎|1895年乔治·埃内斯库前往巴黎继续深造，从Armand Marsick学习小提琴，从儒勒·马斯内和加布里埃尔·佛瑞学作曲。
1923年|乔治·埃内斯库|费城|1923年乔治·埃内斯库初次作为乐队指挥，登台纽约音乐会指挥费城管弦乐团。
1937年-1938年|乔治·埃内斯库|纽约|1937年-1938年，乔治·埃内斯库任纽约爱乐指挥。
1955年5月4日|乔治·埃内斯库|巴黎|1955年5月4日，乔治·埃内斯库在巴黎逝世。
1893年7月28日|乌埃德·兰戛尔|哥本哈根|1893年7月28日，乌埃德·兰戛尔在哥本哈根出生。
1952年7月10日|乌埃德·兰戛尔|里伯|1952年7月10日，乌埃德·兰戛尔在里伯逝世。
